5,14,14,2,1,BH,BH,1,BH,0.8707451,BH0009,SAX J1819.3-2525    ,9209.3,26.51,4017.937,2004-07-17T11:09:06,9.3956E-05,0.9972,7.6,0.264078,0.00278298,0.03278518,0.04829642,0.9992,0.9994,0.9854,9,12.1449192365517,12.1892384491302,12.166137179232,0.00010252,9.04156E-05,9.656E-05,13.482,0.0002604,0.0001276,3.273E-05,1.451E-05,4.756E-05,0.0002493,0.0001205,2.966E-05,9.178E-06,4.344E-05,0.0002709,0.0001348,3.562E-05,1.984E-05,5.144E-05,1.687E-12,1.573E-12,7.377E-14,6.626E-15,7.022E-14,1.615E-12,1.484E-12,6.685E-14,3.947E-15,6.414E-14,1.755E-12,1.661E-12,8.028E-14,9.163E-15,7.594E-14,0.5921,0.4572,-0.1861,12.151934104596,0.708,8.235E-07,4.679E-05,4.783,11.9767475403663,11.7370745306682,12.4098271684037,2.758,6.682E-07,4.957E-06,7.757,12.2788491562503,100,7.336,5.352,0.6252,0.5578,0.4953,0.4179,-0.1268,-0.243,12.1236666709136,12.1779627519274,0.76,0.619,0.7168,0,5.033E-05,4.33E-05,6.114E-09,7.097E-06,12.3026834582676,12.2551596032146,0,81.32,9.731,5.142,3.964,2.682,1.439,0
11,18,18,1,1,BH,BH,1,BH,0.98557764,BH0010,XTE J1550-564       ,23680.3,29.24,7025.511,2003-01-28T04:52:56,3.053866E-05,0.8478,6.4,0.0051095,0.00496425,0.004982,2.55142415E-05,0.283,0.1965,0.12875,0,13.3868925555837,13.4673908346397,13.4250617150807,1.13356E-05,9.18314E-06,1.029056E-05,7.794,2.899E-05,1.111E-05,7.506E-06,9.778E-07,2.869E-06,2.681E-05,9.888E-06,6.681E-06,2.347E-07,2.302E-06,3.105E-05,1.226E-05,8.283E-06,1.682E-06,3.403E-06,9.352E-14,7.079E-14,1.918E-14,0,4.402E-15,8.688E-14,6.292E-14,1.707E-14,0,3.573E-15,1.002E-13,7.823E-14,2.116E-14,3.318E-16,5.231E-15,0.1961,0.5921,0.4472,13.081235968972,2.307,96.66,5.584E-05,0.743,13.118900781611,13.0755139562661,13.1836261112476,0.759,31.06,2.79E-05,1.179,13.0894289515187,3.493,77.59,0.731,0.2667,0.1243,0.6615,0.5215,0.5328,0.3604,13.0372992682957,13.1252283628157,2.573,2.063,114.3,81.62,7.581E-05,4.169E-05,1.995E-05,3.971E-05,13.1555849595262,13.0482254919183,4.708,2.7,90.35,66.64,0.8263,0.6953,41.81,21.8
12,21,21,4,0,BH,X,2,NS,0.7454295,BH0010,XTE J1550-564       ,18023.7,29.24,7025.511,2002-06-19T09:22:19,3.053866E-05,0.8478,6.4,0.00284695,0.001358825,0.001533775,0.0002621675,0.17125,0.343,0.4345,0.5,13.8728504780885,14.0481798761652,13.9528248565194,3.80958E-06,2.50006E-06,3.0961E-06,3.55,8.937E-06,3.209E-06,2.846E-06,0,4.885E-07,7.589E-06,2.431E-06,2.257E-06,0,2.233E-07,1.028E-05,3.938E-06,3.402E-06,6.881E-07,7.398E-07,2.752E-14,2.04E-14,7.074E-15,0,7.432E-16,2.335E-14,1.545E-14,5.61E-15,0,3.397E-16,3.169E-14,2.535E-14,8.456E-15,3.859E-16,1.125E-15,0.0712,0.7458,0.7096,0,0,0,0,0,0,0,0,0,0,0,0,0,0,0,0,0.218,-0.0831,0.8588,0.6065,0.8339,0.5628,0,0,0,0,0,0,0,0,0,0,0,0,0,0,0,0,0,0,0,0
13,22,22,5,1,BH,BH,1,BH,0.9857249,BH0010,XTE J1550-564       ,24438.6,29.24,7025.511,2002-09-24T20:21:26,3.053866E-05,0.8478,6.4,0.0047975,0.003929675,0.004099175,0.0001869625,0.732,0.7665,0.261,0.25,13.4599672484308,13.550712948522,13.503344292788,9.19942E-06,7.431E-06,8.2724E-06,6.77,2.384E-05,8.584E-06,7.075E-06,0,1.863E-06,2.194E-05,7.502E-06,6.295E-06,0,1.418E-06,2.575E-05,9.665E-06,7.855E-06,4.471E-07,2.28E-06,7.761E-14,5.808E-14,1.839E-14,0,2.821E-15,7.141E-14,5.076E-14,1.637E-14,0,2.148E-15,8.381E-14,6.54E-14,2.042E-14,2.985E-16,3.453E-15,0.0987,0.6471,0.5846,13.1662156253435,2.152,88.48,3.789E-05,1.087,13.2171691947974,13.1674910872938,13.301029995664,0.8051,20.75,1.707E-05,1.676,13.1828975957431,4.37,69.44,1.104,0.1793,0.0169,0.7202,0.5678,0.6652,0.4978,13.1191864077192,13.2245351906543,2.491,1.857,111.9,69.64,5.676E-05,2.632E-05,1.136E-05,2.651E-05,13.2864254622279,13.1300059998783,6.887,3.062,84.56,56.52,0.8981,0.7183,32.89,10.73
14,17,17,0,1,BH,BH,1,BH,0.95721924,BH0010,XTE J1550-564       ,26118.5,29.24,7025.511,2002-03-11T15:11:44,3.053866E-05,0.8478,6.4,0.0239825,0.01943525,0.02057575,0.00114106625,0.96,0.89325,0.37775,0.5,12.773942670214,12.812169179556,12.7922633310199,4.504418E-05,4.1144E-05,4.31151E-05,16.29,0.0001236,4.78E-05,3.053E-05,3.955E-07,1.325E-05,0.0001193,4.536E-05,2.891E-05,0,1.215E-05,0.0001278,5.024E-05,3.204E-05,7.909E-07,1.435E-05,3.996E-13,3.103E-13,7.637E-14,0,2.042E-14,3.855E-13,2.94E-13,7.232E-14,0,1.873E-14,4.129E-13,3.256E-13,8.041E-14,4.281E-16,2.211E-14,0.2211,0.5671,0.3948,12.4532106483687,2.135,75.62,0.0001748,1.057,12.5011383110071,12.483993769614,12.5205686628023,0.7425,24.1,0.000118,1.484,12.463694127649,4.008,61.9,1.053,0.2542,0.1868,0.599,0.534,0.4366,0.3554,12.4361630813355,12.4728858883602,2.248,2.026,82.09,69.65,0.0001987,0.0001542,0.0001024,0.0001363,12.485053994692,12.446481059851,4.629,3.501,66.62,57.58,0.7703,0.7154,27.86,20.64
22,31,31,4,1,BH,BH,1,BH,0.8950051,BH0014,CXOU J100506.7-07443,184208,11.41,1457.845,2012-01-31T15:24:33,1.77104E-06,0.9936,7.6,0.0005605,0.000501825,0.00051915,1.618525E-05,0.754,0.71975,0.1805,0,14.4471189465976,14.5585405310822,14.4987010514614,1.68002E-06,1.16122E-06,1.42654E-06,6.612,3.373E-06,6.492E-07,7.265E-07,1.075E-06,1.309E-06,3.068E-06,5.208E-07,6.224E-07,4.559E-07,1.139E-06,3.659E-06,7.704E-07,8.307E-07,1.661E-06,1.479E-06,6.305E-15,2.837E-15,1.536E-15,0,2.009E-15,5.74E-15,2.25E-15,1.316E-15,0,1.748E-15,6.87E-15,3.391E-15,1.756E-15,0,2.27E-15,-0.05,-0.3335,-0.2873,14.2290007948361,2.533,19.96,2.775E-06,0.756,14.3897658246656,14.3282719117604,14.5185573714977,0.4378,3.218E-09,1.263E-05,2.407,14.2460341341348,2.392,6.358,0.767,0.0656,-0.1668,-0.2317,-0.4316,-0.198,-0.3729,14.186819467414,14.2771193893131,2.874,2.24,28.86,11.96,3.634E-06,2.139E-06,8.082E-06,2.004E-05,14.3182162335321,14.2007973436995,3.237,1.806,12.24,1.036,0.4966,0.3847,1.475,0
82,104,104,0,1,BH,BH,1,BH,0.9765877,BH0024,J1047+1234          ,31518.2,56.53,18798.27,2001-02-13T01:57:42,9.0646E-06,0.8138,6.4,0.0102054,0.0082546,0.0091106,0.000717498,0.766,0.775,0.3932,0.6,13.300925777494,13.3607725709297,13.3293274859308,2.6056E-05,2.28592E-05,2.44586E-05,14.166,6.252E-05,9.423E-06,1.182E-05,1.762E-05,2.091E-05,5.984E-05,8.406E-06,1.095E-05,1.546E-05,1.964E-05,6.519E-05,1.044E-05,1.27E-05,1.977E-05,2.218E-05,1.087E-13,4.818E-14,2.863E-14,1.568E-14,3.304E-14,1.037E-13,4.297E-14,2.652E-14,1.365E-14,3.103E-14,1.133E-13,5.339E-14,3.074E-14,1.759E-14,3.504E-14,-0.1124,-0.3798,-0.2786,13.002002363592,2.48,16.85,4.25E-05,1.01,13.114695332411,13.0905509530187,13.1455117749556,0.4199,3.397E-07,0.000257,2.139,13.0143490263091,2.32,5.31,0.883,-0.0493,-0.1768,-0.3279,-0.4316,-0.2355,-0.3217,12.9775716288145,13.0245681914907,2.635,2.334,20.81,13.1,4.848E-05,3.731E-05,0.0002464,0.0003086,13.0383890919087,12.9909742579131,2.686,2.021,7.929,2.805,0.4417,0.3983,0.3224,0
83,105,105,1,1,BH,BH,1,BH,0.97968787,BH0024,J1047+1234          ,84099,56.53,18798.27,2006-01-23T06:07:21,9.0646E-06,0.8138,6.4,0.0129564,0.0095244,0.011316,0.0011585898,0.8808,0.9226,0.5438,2.8,12.9997481822206,13.0304349992539,13.0143759601353,3.4148E-05,3.1468E-05,3.2846E-05,24.888,8.26E-05,2.395E-05,1.69E-05,1.928E-05,2.15E-05,8.058E-05,2.294E-05,1.621E-05,1.701E-05,2.06E-05,8.45E-05,2.491E-05,1.758E-05,2.141E-05,2.234E-05,2.32E-13,1.581E-13,4.202E-14,1.581E-14,3.579E-14,2.263E-13,1.512E-13,4.032E-14,1.405E-14,3.429E-14,2.373E-13,1.645E-13,4.373E-14,1.756E-14,3.72E-14,0.1724,0.0525,-0.1212,12.6806856959095,1.631,12.24,4.294E-05,1.13,12.778064400172,12.763714722552,12.7939841232367,0.6754,2.44E-07,7.928E-05,2.719,12.6848696828164,9.11,7.923,1.087,0.1993,0.1455,0.0806,0.0256,-0.0931,-0.148,12.6671577330057,12.6933605589757,1.694,1.569,14.33,10.2,4.579E-05,4.026E-05,7.754E-05,8.649E-05,12.7002748460244,12.672028376377,10.99,7.703,9.511,6.397,0.693,0.6706,0.1001,0
84,108,108,4,1,BH,BH,1,BH,0.9873997,BH0024,J1047+1234          ,83110.1,56.53,18798.27,2006-07-03T11:20:41,9.0646E-06,0.8138,6.4,0.0071382,0.0070116,0.0070418,3.51458E-05,0.4548,0.4992,0.112,0,13.2803207538164,13.3244049436133,13.3013428003141,2.2804E-05,2.04652E-05,2.16652E-05,19.464,5.06E-05,9.511E-06,9.775E-06,2.015E-05,1.829E-05,4.901E-05,8.876E-06,9.23E-06,1.776E-05,1.745E-05,5.21E-05,1.014E-05,1.029E-05,2.241E-05,1.908E-05,1.127E-13,5.869E-14,2.392E-14,2.338E-14,3.113E-14,1.092E-13,5.48E-14,2.259E-14,2.061E-14,2.97E-14,1.16E-13,6.258E-14,2.518E-14,2.598E-14,3.247E-14,-0.0137,-0.3173,-0.3048,12.9905491042013,2.13,10.82,3.155E-05,0.828,13.168706255623,13.1507649086853,13.1884920200547,0.4241,2.644E-07,0.0002164,3.123,12.9995659225207,3.615,1.786,0.878,0.0281,-0.0556,-0.2829,-0.3529,-0.2742,-0.3354,12.9734667354767,13.0057708591823,2.23,2.035,13.38,8.349,3.438E-05,2.897E-05,0.0002096,0.00025,13.0212718228615,12.9833844524428,4.149,3.172,3.55,0.08326,0.442,0.4075,0.1647,0
85,107,107,3,1,BH,BH,1,BH,0.98129576,BH0024,J1047+1234          ,69066.2,56.53,18798.27,2006-04-09T10:51:35,9.0646E-06,0.8138,6.4,0.0105908,0.007239,0.0086122,0.001079887,0.7764,0.726,0.4764,1.8,13.153415497102,13.1956697109347,13.1736271272792,2.7074E-05,2.439E-05,2.5766E-05,19.952,6.221E-05,1.499E-05,1.235E-05,2.005E-05,1.923E-05,6.027E-05,1.415E-05,1.172E-05,1.752E-05,1.829E-05,6.403E-05,1.582E-05,1.298E-05,2.242E-05,2.012E-05,1.552E-13,9.447E-14,3.037E-14,2.291E-14,3.228E-14,1.504E-13,8.874E-14,2.882E-14,1.998E-14,3.07E-14,1.598E-13,9.987E-14,3.191E-14,2.585E-14,3.377E-14,0.0949,-0.1262,-0.2186,12.8563607647255,1.887,12.42,3.623E-05,1.073,13.0022642234021,12.984221243611,13.0233749479493,0.5405,2.705E-07,0.0001164,3.19,12.8616973018337,5.361,5.415,1.062,0.1318,0.0581,-0.0918,-0.1618,-0.1855,-0.2505,12.8401321529074,12.8725712221484,1.976,1.802,15,9.956,3.936E-05,3.337E-05,0.000113,0.0001341,12.8823973083099,12.8461851356555,6.286,4.619,7.23,3.694,0.564,0.5177,0.152,0
86,106,106,2,1,BH,BH,1,BH,0.9879218,BH0024,J1047+1234          ,69249.5,56.53,18798.27,2007-01-10T02:06:43,9.0646E-06,0.8138,6.4,0.0060108,0.00584604,0.0058706,2.8902E-05,0.6338,0.7152,0.125,0,13.3225025470864,13.3769368757042,13.3483343960771,1.9629E-05,1.71944E-05,1.84386E-05,16.256,4.202E-05,8.424E-06,7.429E-06,1.843E-05,1.589E-05,4.043E-05,7.762E-06,6.91E-06,1.58E-05,1.507E-05,4.352E-05,9.087E-06,7.918E-06,2.091E-05,1.671E-05,9.86E-14,5.474E-14,1.798E-14,2.56E-14,2.728E-14,9.485E-14,5.043E-14,1.672E-14,2.204E-14,2.587E-14,1.021E-13,5.906E-14,1.916E-14,2.894E-14,2.868E-14,0.065,-0.3061,-0.3635,13.0517337801197,1.904,4.184,2.121E-05,0.884,13.2996424721773,13.2794272796357,13.3243132913006,0.3804,2.12E-07,0.0002547,3.711,13.0678815279709,4.327,3.984E-07,0.993,0.1143,0.0144,-0.2655,-0.3479,-0.3279,-0.3991,13.0314703556252,13.0716553647351,2.023,1.791,7.143,1.35,2.353E-05,1.914E-05,0.0002457,0.0003117,13.0940423009076,13.0497325319864,4.877,3.874,0.6487,0,0.4024,0.3603,0.2497,0
87,118,118,8,1,BH,BH,1,BH,0.9992643,BH0027,J1745-2900          ,158025.6,337,462011.4,2002-05-28T05:53:07,0.000481169,0.8302,7,0.0022265,0.002182,0.002203,1.9765E-05,0.5705,0.893,0.111,0,14.0277971616209,14.1592228994741,14.0911708988725,1.730384E-06,1.225424E-06,1.41376E-06,3.61,4.076E-06,2.866E-06,1.268E-07,0,0,3.558E-06,2.494E-06,7.512E-08,0,0,4.593E-06,3.237E-06,1.784E-07,6.029E-07,4.062E-08,2.026E-14,1.989E-14,3.821E-16,0,0,1.744E-14,1.699E-14,2.235E-16,0,0,2.308E-14,2.278E-14,5.407E-16,3.592E-16,1.401E-16,0.9157,0.9994,0.9994,13.837734385702,4.117,946.8,0.0005029,1.163,13.8204482088348,13.7235381958268,14.0883098412461,0.7472,569.7,1.809E-05,1.171,13.856048883576,1.688,760.7,1.165,0.9463,0.8788,1,0.9725,1,0.5191,13.7128703792809,14.1915189434341,5.215,3.188,1255,723.9,0.00295,0.0001159,6.846E-06,5.534E-05,14.3044307729638,13.7124221909213,2.564,1.202,979.6,601.6,0.8875,0.6314,770,425.6
95,178,178,68,1,BH,BH,1,BH,0.99995196,BH0027,J1745-2900          ,36340.6,337,462011.4,2014-10-20T08:33:37,0.000481169,0.8302,7,0.0419765,0.041783333333333,0.041828033333333,5.08866666666667E-05,0.341666666666667,0.572333333333333,0.174,0,12.1341461376215,12.1540377832878,12.1435948370134,0.00010126145,9.660265E-05,9.9010575E-05,23.8475,0.0002106,0.0001839,1.098E-06,0,4.443E-07,0.0002057,0.0001797,8.075E-07,0,2.031E-07,0.0002151,0.0001879,1.373E-06,0,6.728E-07,1.427E-12,1.443E-12,2.925E-15,0,9.32E-16,1.394E-12,1.409E-12,2.151E-15,0,4.261E-16,1.458E-12,1.474E-12,3.656E-15,0,1.411E-15,0.9881,0.9956,0.411,11.9051796196452,4.61,1817,0.1345,0.954,11.9118639112995,11.8985966494447,11.9377941911803,0.7801,1232,0.00164,0.96,11.9083330424043,1.535,1554,0.931,0.99,0.985,0.9975,0.9938,0.6265,0.1793,11.8894102897008,11.9578184054842,4.631,4.533,1845,1782,0,0.1184,0.001296,0.002095,11.933301449577,11.8951715963463,1.646,1.436,1627,1485,0.8083,0.7527,1299,1169
100,177,177,67,1,BH,BH,1,BH,0.9999622,BH0027,J1745-2900          ,34526.7,337,462011.4,2014-08-30T05:04:10,0.000481169,0.8302,7,0.0347555,0.034639725,0.034662025,2.88675E-05,0.527,0.54625,0.225,0,12.1000926747043,12.1195939928574,12.1095242087725,0.00011087375,0.000105824,0.000108423775,24.3925,0.0002302,0.0002015,1.111E-06,0,8.841E-07,0.000225,0.0001969,8.334E-07,0,5.626E-07,0.0002351,0.0002058,1.389E-06,0,1.206E-06,1.54E-12,1.564E-12,3.114E-15,0,1.278E-15,1.505E-12,1.529E-12,2.335E-15,0,8.133E-16,1.573E-12,1.598E-12,3.892E-15,0,1.743E-15,0.9894,0.9919,0.0974,11.876801924968,4.659,1762,0.1481,1.281,11.8870600239159,11.873219422988,11.9122185821905,0.7519,1219,0.002138,1.241,11.8830603534492,1.436,1544,1.224,0.9913,0.9863,0.9938,0.9875,0.3104,-0.1106,11.8623294627632,11.9197343726602,4.681,4.605,1789,1733,0,0.1355,0.001681,0.002741,11.9076303003709,11.869666231505,1.535,1.345,1618,1474,0.7787,0.7258,1287,1156
101,152,152,42,1,BH,BH,1,BH,0.9987502,BH0027,J1745-2900          ,112545.7,337,462011.4,2009-05-18T02:39:30,0.000481169,0.8302,7,0.0023055,0.002288,0.002297,6.947E-06,0.2435,0.502,0.062,0,13.951789000991,14.1091208940788,14.0319048206591,2.27788E-06,1.2827728E-06,1.524904E-06,3.338,4.369E-06,3.073E-06,1.136E-07,0,6.892E-08,3.734E-06,2.62E-06,5.412E-08,0,5.744E-09,5.005E-06,3.526E-06,1.732E-07,2.556E-06,1.292E-07,2.319E-14,2.264E-14,4.093E-16,0,2.192E-16,1.963E-14,1.903E-14,2.047E-16,0,2.63E-17,2.674E-14,2.625E-14,6.14E-16,1.863E-15,4.033E-16,0.9282,0.9569,0.1549,13.7423214251308,2.434,667.7,4.363E-05,1.259,13.7226200253327,13.6110112148753,14.0491971770353,1.165,375.4,2.367E-06,1.324,13.7246886454582,4.97,576.4,1.273,0.9625,0.8888,0.9888,0.9138,0.564,-0.263,13.615825861193,14.0445527894223,3.404,1.57,911.1,469.9,0.0002025,1.074E-05,8.915E-07,6.492E-06,14.1416432947022,13.6073030467403,24.98,2.54,753.7,433.3,1.505,0.9316,535.1,252.3
107,117,117,7,1,BH,BH,1,BH,0.9993767,BH0027,J1745-2900          ,166689.2,337,462011.4,2002-05-25T15:34:27,0.000481169,0.8302,7,0.002038,0.0020355,0.0020365,1.1304E-06,0.28,0.376,0.064,0,14.091969888078,14.2397072211011,14.1621176287407,1.500412E-06,1.02805E-06,1.202928E-06,3.292,3.453E-06,2.465E-06,9.664E-08,0,0,2.969E-06,2.118E-06,5.325E-08,0,0,3.937E-06,2.812E-06,1.4E-07,5.716E-07,4.146E-08,1.707E-14,1.697E-14,2.903E-16,0,9.299E-17,1.438E-14,1.426E-14,1.514E-16,0,0,1.975E-14,1.968E-14,4.228E-16,4.095E-16,1.953E-16,0.9244,0.9994,0.9994,13.9288547095489,4.266,943.3,0.0005095,1.109,13.9453869454431,13.8099485822408,14.3712025144333,0.7511,548.9,1.412E-05,1.273,13.8471004036063,1.755,725.2,1.183,0.9563,0.8888,1,0.9675,1,0.4079,13.7939841232367,14.2535993555084,5.374,3.178,1190,728.1,0.003517,9.733E-05,4.303E-06,5.653E-05,14.0040578370074,13.7622050067261,3.023,1.16,903.7,575.9,0.9405,0.6006,728.2,406
108,176,176,66,1,BH,BH,1,BH,0.9999075,BH0027,J1745-2900          ,42689.3,337,462011.4,2014-08-02T03:52:16,0.000481169,0.8302,7,0.0505,0.049213966666667,0.049797966666667,0.000571633333333,0.927,0.946,0.397333333333333,0.666666666666667,12.068630624556,12.0856562345513,12.0768643612119,9.689312E-05,9.125688E-05,9.41702E-05,22.786,0.0002452,0.0002148,1.569E-06,8.698E-06,5.84E-07,0.0002403,0.0002105,1.281E-06,3.866E-06,3.374E-07,0.0002497,0.0002188,1.858E-06,1.329E-05,8.176E-07,1.66E-12,1.686E-12,4.285E-15,0,8.786E-16,1.627E-12,1.653E-12,3.497E-15,0,5.076E-16,1.691E-12,1.718E-12,5.074E-15,0,1.23E-15,0.9856,0.9944,0.4422,11.8256494025206,4.622,1787,0.1603,0.789,11.8303255659412,11.8190144192133,11.8464900106992,0.7939,1161,0.001693,0.764,11.8279811905754,1.585,1487,0.755,0.9875,0.9825,0.9963,0.9925,0.6127,0.2717,11.8121973612816,11.869666231505,4.64,4.538,1811,1750,0,0.1386,0.001387,0.002078,11.8498578381514,11.8167301563172,1.684,1.494,1549,1428,0.8185,0.7699,1217,1108
109,175,175,65,1,BH,BH,1,BH,0.99997294,BH0027,J1745-2900          ,41453.3,337,462011.4,2014-07-16T23:01:21,0.000481169,0.8302,7,0.0401001,0.0398896,0.039898325,2.25426605E-05,0.15975,0.3475,0.27325,0.25,12.0345886131287,12.0512897811917,12.042496630446,0.0001029444,9.695194E-05,0.00010000824,23.094,0.0002605,0.0002289,1.244E-06,8.456E-06,9.412E-07,0.0002554,0.0002245,9.859E-07,3.252E-06,6.218E-07,0.0002652,0.0002331,1.502E-06,1.366E-05,1.26E-06,1.795E-12,1.826E-12,3.409E-15,0,2.723E-15,1.76E-12,1.79E-12,2.682E-15,0,1.75E-15,1.827E-12,1.859E-12,4.136E-15,0,3.647E-15,0.9894,0.9919,0.1149,11.7966950838615,4.603,1831,0.1712,1.079,11.802995271977,11.7926349625309,11.8210230527068,0.7983,1201,0.001798,1.047,11.7991495019089,1.583,1540,1.039,0.9913,0.9875,0.9938,0.9888,0.3004,-0.0768,11.7835701691238,11.8338660296949,4.621,4.533,1856,1799,0,0.1523,0.001471,0.002214,11.8204482088348,11.7883455994468,1.682,1.492,1604,1479,0.8232,0.774,1259,1146
125,180,180,70,1,BH,BH,1,BH,0.9999267,BH0027,J1745-2900          ,16464.4,337,462011.4,2014-07-04T21:12:14,0.000481169,0.8302,7,0.057750333333333,0.0572743,0.057421166666667,0.000149986666667,0.684333333333333,0.768333333333333,0.268,0.666666666666667,11.9974344738602,12.0226611442818,12.0094479358747,0.00011203606,0.0001033202,0.0001077244,14.738,0.0002824,0.0002489,1.489E-06,5.833E-06,0,0.0002741,0.0002415,1.001E-06,0,0,0.0002903,0.0002558,1.977E-06,1.167E-05,4.333E-07,1.937E-12,1.973E-12,3.921E-15,0,0,1.879E-12,1.915E-12,2.635E-15,0,0,1.99E-12,2.028E-12,5.208E-15,0,4.913E-16,0.9881,0.9994,0.9994,11.7886124470631,4.64,1781,0.1851,1.061,11.788879458742,11.7690404442514,11.8332739444199,0.7903,1148,0.001934,1.082,11.7854210464295,1.581,1472,1.057,0.9913,0.9838,1,0.9975,1,0.5565,11.7619538968712,11.9100948885606,4.668,4.457,1818,1706,0,0.1355,0.001409,0.002699,11.8306195046881,11.7662426370345,1.745,1.439,1571,1380,0.8296,0.7523,1238,1066
136,185,185,1,1,BH,BH,1,BH,0.89559954,BH0029,V404 CYG            ,55611.7,38.72,19053.99,2003-07-28T20:58:30,0.00011961,0.943,7.4,0.02965676,0.0022618,0.0122569,0.0062273418,0.8368,0.821,0.8954,7.4,12.897459963506,12.9275824478048,12.9120866107837,3.48726E-05,3.23706E-05,3.36348E-05,21.132,9.567E-05,3.571E-05,2.481E-05,1.614E-06,1.037E-05,9.313E-05,3.426E-05,2.382E-05,9.75E-07,9.668E-06,9.807E-05,3.717E-05,2.58E-05,2.253E-06,1.107E-05,3.034E-13,2.278E-13,6.227E-14,2.716E-15,1.6E-14,2.956E-13,2.188E-13,5.979E-14,1.618E-15,1.492E-14,3.107E-13,2.368E-13,6.476E-14,3.815E-15,1.708E-14,0.1799,0.5497,0.411,12.5550188879121,2.192,77.12,0.0001476,0.93,12.5943122133272,12.5810361692964,12.6097716375309,0.7433,23.79,9.406E-05,1.389,12.5635193049905,3.79,62.29,0.893,0.2067,0.1543,0.5765,0.5228,0.4428,0.3791,12.542118103266,12.5692801121367,2.278,2.109,82.17,72.44,0.0001628,0.000134,8.434E-05,0.0001051,12.57856060978,12.5500590112267,4.195,3.441,65.86,58.96,0.7648,0.7222,26.59,21.19
137,184,184,0,1,BH,BH,1,BH,0.89109397,BH0029,V404 CYG            ,10295.8,38.72,19053.99,2000-04-26T16:37:42,0.00011961,0.943,7.4,0.08567296,0.03643818,0.06077636,0.012060136,0.839,0.7486,0.5474,3.2,12.1866653816422,12.2175885827023,12.2018511889156,0.0001587842,0.0001475898,0.000153326,20.27,0.0004426,0.000171,0.0001064,3.1E-06,4.353E-05,0.0004304,0.0001637,0.0001018,1.669E-06,4.038E-05,0.000454,0.0001783,0.0001106,4.531E-06,4.649E-05,1.561E-12,1.246E-12,2.635E-13,3.218E-15,6.765E-14,1.52E-12,1.193E-12,2.521E-13,1.733E-15,6.274E-14,1.602E-12,1.3E-12,2.742E-13,4.704E-15,7.225E-14,0.2349,0.5946,0.4185,11.8632794328436,1.811,64.25,0.000452,0.874,11.9154237220657,11.9003193588908,11.933301449577,0.836,17.79,0.0002721,1.593,11.869344650978,6.933,54.87,0.908,0.2617,0.2067,0.6215,0.569,0.4516,0.3854,11.8480176045425,11.8777841217272,1.901,1.722,69.07,59.72,0.0005011,0.0004084,0.0002411,0.0003075,11.8927900303521,11.8541822855082,8.42,5.877,58.35,51.51,0.8649,0.8078,20.54,15.22
148,49,245,0,1,NS,NS,1,NS,0.9998957,NS0004,1A 1744-361         ,15794.5,11.5,834.5871,2003-05-28T17:17:44,0,0,0,0.0063475,0.00477075,0.004965,0.0002723475,0.4245,0.521,0.27175,0,13.2842786217007,13.3880272301484,13.3329885707021,1.4103E-05,1.121875E-05,1.267175E-05,7.765,2.937E-05,9.635E-06,7.208E-06,0,4.474E-06,2.682E-05,8.213E-06,6.229E-06,0,3.613E-06,3.192E-05,1.097E-05,8.187E-06,0,5.335E-06,9.223E-14,6.922E-14,1.759E-14,0,6.771E-15,8.387E-14,5.916E-14,1.523E-14,0,5.434E-15,1.006E-13,7.928E-14,1.996E-14,0,8.025E-15,0.1449,0.3748,0.2411,13.1327682854811,2.054,49.73,3.107E-05,0.636,13.1516876963727,13.1051303432547,13.2128230075294,0.8028,0.05938,1.796E-05,0.782,13.1456939581989,4.44,38.39,0.539,0.238,0.0481,0.4741,0.2705,0.3504,0.133,13.081235968972,13.181774106386,2.345,1.79,63.79,37.77,4.239E-05,2.305E-05,1.429E-05,2.574E-05,13.2369465597004,13.088895682196,6.806,3.151,48.54,29.74,0.8627,0.7271,8.071,0
149,63,259,10,1,NS,NS,1,NS,0.92048866,NS0009,2E 1613.5-5053      ,4930.3,107.71,33777.17,2005-07-10T03:28:07,0.001277774,1,8,0.0875525,0.06719,0.0773575,0.0101737025,0.69425,0.86,0.55375,3.75,12.1202377003182,12.1729555998802,12.1457015508262,0.00024052,0.000211425,0.00022604,13.5825,0.0005452,0.0001722,0.0001491,0,3.766E-05,0.0005189,0.0001609,0.000139,0,2.69E-05,0.0005715,0.0001835,0.0001592,0,4.788E-05,1.421E-12,9.789E-13,4.11E-13,0,4.905E-14,1.356E-12,9.144E-13,3.834E-13,0,3.219E-14,1.486E-12,1.043E-12,4.385E-13,0,6.515E-14,0.0725,0.6346,0.5884,11.8985966494447,4.76,287.8,0.0199,1.112,11.9083330424043,11.880084589742,11.9590023075765,0.4843,114.2,0.005126,1.171,11.9041335465215,1.008,188.2,1.088,0.1193,0.0269,0.7214,0.5553,0.6827,0.5016,11.8719239873313,11.9484616094847,5.079,4.464,320.6,257.8,0.02984,0.01367,0.003674,0.007329,11.9574244875598,11.8751698505861,1.114,0.9127,210.5,168,0.5106,0.4587,134.7,95.91
150,71,267,18,1,NS,NS,1,NS,0.98422575,NS0009,2E 1613.5-5053      ,62481,107.71,33777.17,2010-06-01T05:44:23,0.001277774,1,8,0.09945204,0.0241782,0.05784564,0.0238457536,0.8378,0.7826,0.7064,6,12.0988556611126,12.1191624078978,12.1088116792211,0.000231078,0.000214016,0.000222558,40.402,0.0006105,0.0002775,0.000117,9.428E-05,1.351E-05,0.0006028,0.0002731,0.0001145,6.756E-05,1.212E-05,0.0006182,0.0002818,0.0001195,0.000121,1.489E-05,1.916E-12,1.645E-12,2.738E-13,3.962E-14,1.745E-14,1.892E-12,1.619E-12,2.679E-13,5.66E-15,1.565E-14,1.94E-12,1.671E-12,2.797E-13,7.217E-14,1.925E-14,0.4072,0.9069,0.7933,11.7708302974609,2.877,225.2,0.003014,1.217,11.8113527040003,11.8054856581175,11.8175853475654,0.7304,101.6,0.0007907,2.399,11.7812020018883,2.536,173.5,1.483,0.4179,0.3966,0.9163,0.8988,0.8114,0.7739,11.7652297048391,11.7770235501066,2.94,2.817,231.9,218.7,0.003274,0.002778,0.0007344,0.0008521,11.7886124470631,11.7752080435073,2.649,2.429,178.1,169,0.7419,0.7191,105.6,97.74
151,75,271,2,1,NS,NS,1,NS,0.99988866,NS0011,3A 2129+470         ,20830.5,41.03,11815.23,2012-04-08T05:40:47,1.62188E-05,0.9992,7.8,0.0087446,0.00294302,0.00652034,0.001416482,0.891,0.8204,0.6484,2,13.4362887757859,13.5178985465134,13.4742867644785,2.35902E-05,1.869964E-05,2.11942E-05,9.286,5.12E-05,1.351E-06,1.041E-05,1.373E-05,2.928E-05,4.813E-05,8.742E-07,9.39E-06,7.964E-06,2.714E-05,5.408E-05,1.801E-06,1.144E-05,1.922E-05,3.141E-05,8.156E-14,5.615E-15,2.419E-14,5.313E-15,5.108E-14,7.642E-14,3.521E-15,2.17E-14,3.119E-15,4.697E-14,8.64E-14,7.709E-15,2.652E-14,7.508E-15,5.496E-14,-0.7708,-0.9132,-0.4772,13.1463017882238,5.852,60.77,0.0002154,1.014,13.176982476554,13.1381670023421,13.2583757424962,0.2385,5.148,0.003168,1.132,13.1721785723172,0.4373,25.17,1.035,-0.6977,-0.8401,-0.8826,-0.94,-0.4291,-0.5228,13.1153745367438,13.1825668558886,6.415,5.376,71.21,51.69,0.0002939,0.0001622,0.001865,0.005754,13.2640021159082,13.1339490759907,0.4992,0.3805,31.71,19.5,0.2593,0.2184,11.65,0
152,73,269,0,1,NS,NS,1,NS,0.99966943,NS0011,3A 2129+470         ,30203.6,41.03,11815.23,2000-12-01T01:00:02,1.62188E-05,0.9992,7.8,0.0254714,0.00189998,0.01387872,0.00561498,0.9044,0.8796,0.7776,5.8,13.1821121691977,13.2324330479518,13.206410749998,3.52208E-05,3.20272E-05,3.3652E-05,16.694,9.918E-05,6.553E-06,1.937E-05,4.867E-06,3.829E-05,9.589E-05,5.715E-06,1.827E-05,3.711E-06,3.655E-05,0.0001023,7.391E-06,2.047E-05,6.023E-06,3.992E-05,1.537E-13,5.021E-14,4.456E-14,3.236E-15,5.915E-14,1.482E-13,4.371E-14,4.192E-14,2.467E-15,5.648E-14,1.592E-13,5.671E-14,4.721E-14,3.964E-15,6.166E-14,-0.4922,-0.7083,-0.3298,12.9396799713117,4.592,57.81,0.0002582,1.366,13.0030507515046,12.9800533183212,13.0476435226762,0.2664,16.16,0.003609,1.91,12.9796387173523,0.573,33.92,1.654,-0.4391,-0.544,-0.674,-0.7402,-0.2979,-0.3616,12.9219058495936,12.9578184054842,4.868,4.341,63.02,52.98,0.000304,0.0002211,0.002624,0.005045,13.0176835303079,12.9586073148418,0.6334,0.515,37.8,30.57,0.2812,0.2522,19.79,12.78
153,76,272,3,1,NS,NS,1,NS,0.9999747,NS0011,3A 2129+470         ,19132.8,41.03,11815.23,2012-06-13T05:08:38,1.62188E-05,0.9992,7.8,0.0108193,0.002721275,0.008167175,0.002030195,0.6475,0.62,0.58875,3.25,13.435080769718,13.5156688356236,13.4733273744556,1.828665E-05,1.2624825E-05,1.545575E-05,6.805,0,4.33E-07,1.259E-05,2.088E-05,2.792E-05,0,1.493E-07,1.135E-05,1.325E-05,2.575E-05,0,7.166E-07,1.383E-05,2.85E-05,3.01E-05,8.11E-14,1.975E-15,2.818E-14,6.744E-15,5.013E-14,7.593E-14,6.81E-16,2.554E-14,4.28E-15,4.608E-14,8.626E-14,3.269E-15,3.082E-14,9.078E-15,5.418E-14,-0.9332,-0.9694,-0.3798,13.1835598320439,7.317,87.31,0.0004618,1.769,13.2018329402841,13.1580776883205,13.3066248489748,0.2024,19.16,0.0107,1.416,13.1826991216067,0.322,41.16,1.56,-0.8876,-0.97,-0.9475,-0.9863,-0.3267,-0.4329,13.1478250955797,13.2291479883579,7.961,6.738,100.8,75.26,0.0006788,0.0003226,0.006284,0.01912,13.2308443092856,13.1510722867729,0.3575,0.2897,49.79,33.61,0.2162,0.189,27.28,12.07
154,74,270,1,1,NS,NS,1,NS,0.99994135,NS0011,3A 2129+470         ,20832.6,41.03,11815.23,2012-01-30T02:20:32,1.62188E-05,0.9992,7.8,0.00771604,0.005075788,0.0069421,0.000716122,0.697,0.7154,0.4588,2.2,13.4280304369179,13.5030814168953,13.4629696449152,2.55952E-05,2.022656E-05,2.298322E-05,9.43,5.356E-05,8.061E-07,1.069E-05,1.842E-05,3.144E-05,5.051E-05,4.288E-07,9.594E-06,1.142E-05,2.918E-05,5.642E-05,1.166E-06,1.179E-05,2.505E-05,3.355E-05,8.419E-14,3.179E-15,2.53E-14,4.938E-15,5.458E-14,7.901E-14,1.544E-15,2.283E-14,2.942E-15,5.067E-14,8.906E-14,4.723E-15,2.776E-14,6.829E-15,5.824E-14,-0.8595,-0.9507,-0.4947,13.134540677338,6.575,74.15,0.000339,0.766,13.1826991216067,13.131943638177,13.3107799627362,0.2165,13.02,0.006665,0.932,13.1688984354986,0.37,33.48,0.835,-0.7964,-0.9163,-0.9275,-0.9713,-0.4478,-0.539,13.1060718734574,13.1712756728612,7.214,6.038,85.44,64.3,0.0004745,0.0002507,0.003722,0.01298,13.2905604258676,13.1247650535498,0.4221,0.3231,40.61,27.18,0.2355,0.1977,20.17,6.776
155,79,275,2,1,NS,NS,1,NS,0.998774,NS0015,4U 2129+12          ,13620.5,476.94,1.797693E+308,2009-08-28T01:21:03,0.000212505,0.993,7.5,0.0313616,0.03100852,0.031143,0.00014062,0.4426,0.498,0.1576,0,12.7949310357355,13.0045074002303,12.8871102536303,4.231E-05,2.0193E-05,3.1319E-05,2.45,0,0,0,5.275E-05,9.888E-06,0,0,0,3.709E-05,3.296E-06,0,0,0,6.842E-05,1.62E-05,0,0,0,2.441E-13,1.527E-14,0,0,0,1.927E-13,5.235E-15,0,0,0,2.954E-13,2.53E-14,0,0,0,12.2660808489876,2.036,35.9,0.0001981,1.023,12.3507625276504,12.3308691526267,12.3717132689105,0.661,3.735E-06,0.0002328,1.834,12.2781893847875,4.402,25.62,1.098,0,0,0,0,0,0,12.2445825371891,12.2870978749528,2.158,1.919,40.61,31.52,0.000224,0.0001756,0.0002252,0.0002637,12.3038184128315,12.2572748686953,5.343,3.693,29,22.5,0.6836,0.6373,1.5,0
156,77,273,0,1,NS,NS,1,NS,0.9995921,NS0015,4U 2129+12          ,34182.4,476.94,1.797693E+308,2009-08-26T05:30:29,0.000212505,0.993,7.5,0.0333888,0.0331257,0.0332222,7.78464E-05,0.6162,0.5388,0.094,0,12.8039316417424,12.9217244779134,12.8620132672765,3.3682E-05,2.4305E-05,2.838E-05,3.575,0,0,0,5.676E-05,0,0,0,0,4.861E-05,0,0,0,0,6.448E-05,2.884E-06,0,0,0,2.748E-13,0,0,0,0,2.395E-13,0,0,0,0,3.08E-13,6.122E-15,0,0,0,12.2177424263367,1.93,35.74,0.0001986,0.822,12.2884458317498,12.2758880460388,12.3018124301339,0.7056,8.301E-07,0.0002057,1.458,12.2268720759667,5.15,26.72,0.836,0,0,0,0,0,0,12.2049546295789,12.2297372618294,2.002,1.86,38.69,32.92,0.0002141,0.0001846,0.0002014,0.0002202,12.2413151501176,12.2139587897574,5.835,4.588,28.86,24.68,0.7203,0.6908,0.4825,0
157,82,278,0,1,NS,NS,1,NS,1,NS0019,EXO 0748-676        ,13770.7,62.8,162305.8,2008-10-12T22:24:15,0.0001065084,0.964,7.4,0.0987706,0.0175108,0.0794694,0.01455063,0.8732,0.7954,0.5532,3.4,12.3495759033922,12.3824126043583,12.3655428831831,0.000260432,0.000241684,0.000251234,27.496,0.0006191,3.467E-05,0.0001271,0.00018,0.0002953,0.0006067,3.172E-05,0.0001226,0.0001607,0.0002867,0.0006308,3.746E-05,0.0001313,0.0001993,0.0003033,9.726E-13,1.737E-13,2.969E-13,2.149E-13,4.968E-13,9.534E-13,1.59E-13,2.867E-13,1.914E-13,4.823E-13,9.918E-13,1.885E-13,3.065E-13,2.384E-13,5.104E-13,-0.5696,-0.7895,-0.3985,12.0519784668589,4.338,42.36,0.00131,1.082,12.0878842709211,12.0795114353417,12.0971815319177,0.2952,3.624E-06,0.01189,1.521,12.0665633321737,0.6968,17.66,1.193,-0.539,-0.5978,-0.7726,-0.8039,-0.3804,-0.4166,12.0429197403421,12.0615803542068,4.464,4.22,44.9,39.91,0.00142,0.001212,0.01173,0.01349,12.0769114845576,12.0578430715325,0.7364,0.6587,19.43,15.97,0.2997,0.2885,1.131,0
158,90,286,8,1,NS,NS,1,NS,1,NS0019,EXO 0748-676        ,42861.9,62.8,162305.8,2013-08-01T01:45:49,0.0001065084,0.964,7.4,0.032593,0.0325576,0.032573,1.611738E-05,0.5376,0.5876,0.0616,0,12.3643755324037,12.4158327980081,12.3886378693337,0.0001600975,0.000146254,0.00015320025,29.075,0.0002476,9.501E-06,0,0.0002115,0.0001442,0.000243,8.616E-06,0,0.0001928,0.0001406,0.0002522,1.039E-05,0,0.0002301,0.0001477,4.551E-13,3.914E-14,0,8.572E-13,2.832E-13,4.464E-13,3.562E-14,0,7.773E-13,2.761E-13,4.634E-13,4.266E-14,0,9.323E-13,2.902E-13,0,-0.8757,0,12.3964226318485,5.098,47.61,0.0007611,1.35,12.4081565887752,12.4002260608536,12.4158950296005,0.2674,2.599E-07,0.008766,1.149,12.390832625698,0.587,14.62,0.926,0,0,-0.8651,-0.8863,0,0,12.3877460939036,12.4037328736045,5.212,4.99,50.06,45.22,0.0008199,0.0007075,0.008616,0.009342,12.3997896935907,12.3824754651137,0.6094,0.5655,16.2,13.09,0.2711,0.2664,0.2017,0
159,83,279,1,1,NS,NS,1,NS,0.9999999,NS0019,EXO 0748-676        ,15832.8,62.8,162305.8,2009-02-23T22:20:35,0.0001065084,0.964,7.4,0.0772124,0.013013,0.0601572,0.012617452,0.8588,0.8376,0.4536,3.4,12.4857498476424,12.5209518634169,12.5028269939162,0.0001304775,0.000116005,0.0001233825,19.8225,0,1.741E-05,9.342E-05,0.000149,0.0002337,0,1.554E-05,8.978E-05,0.0001317,0.000227,0,1.916E-05,9.705E-05,0.0001654,0.0002403,6.986E-13,7.768E-14,2.174E-13,1.759E-13,4.013E-13,6.829E-13,6.937E-14,2.089E-13,1.558E-13,3.897E-13,7.143E-13,8.598E-14,2.253E-13,1.961E-13,4.122E-13,-0.6858,-0.8607,-0.4285,12.2108425080886,5.521,56.84,0.001575,1.67,12.2082391959871,12.1989394701521,12.217026005056,0.2767,5.371E-06,0.01197,1.201,12.2024554856383,0.55,19.97,1.127,-0.6577,-0.7152,-0.8488,-0.8751,-0.4091,-0.4466,12.2025939503236,12.2201150368074,5.651,5.4,59.53,54.26,0.00171,0.001453,0.01173,0.01306,12.2132485778544,12.1937521728042,0.5726,0.5294,21.57,18.32,0.2811,0.2721,0.79,0
160,84,280,2,1,NS,NS,1,NS,1,NS0019,EXO 0748-676        ,27217.8,62.8,162305.8,2009-06-10T12:45:29,0.0001065084,0.964,7.4,0.061114,0.0280814,0.0534824,0.005801592,0.7248,0.8404,0.2588,1.6,12.5418337108178,12.5689870300587,12.5550438301635,0.000184776,0.000172934,0.000179022,31.386,0.0004129,1.287E-05,8.234E-05,0.0001747,0.0002123,0.0004053,1.165E-05,7.962E-05,0.0001605,0.0002076,0.0004201,1.408E-05,8.49E-05,0.0001881,0.0002167,6.208E-13,5.232E-14,1.957E-13,1.561E-13,3.68E-13,6.094E-13,4.711E-14,1.896E-13,1.431E-13,3.597E-13,6.322E-13,5.754E-14,2.015E-13,1.69E-13,3.757E-13,-0.7295,-0.8857,-0.4422,12.2490290155627,5.098,48.8,0.001104,1.687,12.2559418341212,12.2491060796179,12.2632848663944,0.2746,2.185E-07,0.01104,1.197,12.2508049577803,0.5775,17.38,1.138,-0.7064,-0.7527,-0.8763,-0.8963,-0.4266,-0.4566,12.2420728168867,12.2568823747853,5.204,4.996,50.96,46.71,0.001181,0.001033,0.01086,0.01169,12.2637629010953,12.2420728168867,0.598,0.5573,18.77,16.03,0.2782,0.2736,0.2647,0
161,89,285,7,1,NS,NS,1,NS,0.9999999,NS0019,EXO 0748-676        ,38073.2,62.8,162305.8,2011-07-02T23:04:27,0.0001065084,0.964,7.4,0.0515802,0.051506,0.0515444,3.113269E-05,0.866,0.831,0.0468,0,12.4727052924403,12.5018438894844,12.4869342963417,0.000179818,0.00016853,0.000174242,35.288,0.0003868,2.015E-05,8.016E-05,0.0001806,0.0002035,0.0003805,1.879E-05,7.796E-05,0.0001662,0.0001992,0.0003928,2.143E-05,8.236E-05,0.000195,0.0002075,6.536E-13,9.943E-14,1.897E-13,3.231E-13,3.636E-13,6.436E-13,9.294E-14,1.844E-13,2.975E-13,3.56E-13,6.636E-13,1.059E-13,1.947E-13,3.488E-13,3.707E-13,-0.5971,-0.8195,-0.4347,12.2173840679684,4.388,39.59,0.0008406,0.884,12.2513469065757,12.2445062715849,12.2580609222708,0.2818,2.966E-07,0.009979,1.487,12.231213953092,0.6928,14.33,0.939,-0.5753,-0.619,-0.8089,-0.8301,-0.4204,-0.4466,12.2108425080886,12.2246080283034,4.48,4.3,41.47,37.77,0.0008917,0.0007933,0.009832,0.01053,12.2458811057746,12.2221383758238,0.721,0.6653,15.63,13.08,0.2827,0.2809,0.1997,0
162,86,282,4,1,NS,NS,1,NS,1,NS0019,EXO 0748-676        ,9578.1,62.8,162305.8,2009-02-25T12:44:48,0.0001065084,0.964,7.4,0.0777064,0.0131428,0.0622738,0.01189717,0.8356,0.7842,0.5014,2.8,12.4566273833114,12.5020563387049,12.4782893391386,0.000206914,0.000186744,0.000197106,19.868,0.0004838,1.77E-05,9.313E-05,0.0001418,0.0002491,0.0004696,1.525E-05,8.857E-05,0.0001198,0.0002405,0.0004972,1.998E-05,9.769E-05,0.0001625,0.0002572,7.261E-13,7.229E-14,2.19E-13,2.145E-13,4.303E-13,7.054E-13,6.187E-14,2.079E-13,1.829E-13,4.156E-13,7.456E-13,8.21E-14,2.294E-13,2.461E-13,4.44E-13,-0.6821,-0.867,-0.4547,12.1862856081189,5.071,48.69,0.001275,1.206,12.194703083842,12.1847544080834,12.2080287989792,0.2759,1.437E-06,0.01254,0.953,12.1854860476318,0.5923,16.92,0.866,-0.644,-0.7189,-0.8501,-0.8838,-0.4316,-0.4778,12.1737307806063,12.1979107421183,5.241,4.912,52.13,45.41,0.00142,0.001149,0.01222,0.01374,12.2027324591693,12.1725014918665,0.6258,0.5596,19.08,14.84,0.2816,0.2743,0.5538,0
163,88,284,6,1,NS,NS,1,NS,0.9999999,NS0019,EXO 0748-676        ,27217.1,62.8,162305.8,2010-10-20T14:01:56,0.0001065084,0.964,7.4,0.047323,0.0469004,0.0471134,0.00020486,0.662,0.66,0.1034,0,12.5427056303215,12.5734984981716,12.557755472152,0.00012055,0.0001086075,0.00011469,23.5575,0,1.447E-05,7.239E-05,0.0001744,0.0001975,0,1.321E-05,6.992E-05,0.0001585,0.0001928,0,1.574E-05,7.486E-05,0.0001894,0.0002022,5.965E-13,6.415E-14,1.703E-13,1.964E-13,3.569E-13,5.856E-13,5.777E-14,1.644E-13,1.787E-13,3.485E-13,6.075E-13,7.016E-14,1.761E-13,2.14E-13,3.653E-13,-0.6683,-0.8645,-0.4635,12.2692177243336,4.85,42.66,0.0008618,1.356,12.2899673009342,12.2826624172761,12.2983456826743,0.2676,3.392E-07,0.01147,1.323,12.2660007134616,0.6306,12.84,0.924,-0.644,-0.6939,-0.8538,-0.8751,-0.4478,-0.4791,12.2617745518575,12.2776952131257,4.959,4.746,44.87,40.53,0.0009237,0.000805,0.01127,0.01225,12.2752327543537,12.2583757424962,0.6564,0.6052,14.27,11.46,0.2716,0.2666,0.1784,0
164,87,283,5,1,NS,NS,1,NS,1,NS0019,EXO 0748-676        ,27370.9,62.8,162305.8,2010-04-20T02:49:57,0.0001065084,0.964,7.4,0.0643386,0.0128812,0.0487736,0.01025838,0.8326,0.6786,0.4672,3.4,12.5688807963951,12.5976319919904,12.5828472940512,0.000172966,0.000160954,0.000166948,30.08,0.0003838,1.387E-05,7.717E-05,0.0001623,0.0001976,0.0003769,1.254E-05,7.473E-05,0.0001477,0.0001929,0.0003907,1.511E-05,7.962E-05,0.000177,0.0002024,5.878E-13,5.604E-14,1.808E-13,1.352E-13,3.467E-13,5.762E-13,5.061E-14,1.75E-13,1.227E-13,3.383E-13,5.987E-13,6.114E-14,1.866E-13,1.477E-13,3.551E-13,-0.6946,-0.8682,-0.4385,12.2802545074704,5.34,52.52,0.001168,1.919,12.2794272796357,12.2718086014101,12.286677495013,0.2733,6.006E-07,0.01071,1.108,12.2701874928391,0.5674,17.45,1.076,-0.669,-0.7189,-0.8563,-0.8788,-0.4229,-0.4541,12.2727027971964,12.2884458317498,5.447,5.236,54.78,50.32,0.001253,0.00109,0.01054,0.01129,12.2789316982028,12.2625687994854,0.5865,0.5484,18.86,16.09,0.2762,0.2723,0.2379,0
165,85,281,3,1,NS,NS,1,NS,1,NS0019,EXO 0748-676        ,13287.5,62.8,162305.8,2008-10-15T13:01:25,0.0001065084,0.964,7.4,0.0935706,0.0418982,0.0807724,0.008266996,0.899,0.8182,0.2608,1.6,12.3598963746949,12.3910463007241,12.3749346114221,0.000268718,0.000249046,0.000259008,27.21,0.0006287,3.514E-05,0.0001191,0.0002001,0.000312,0.0006158,3.213E-05,0.0001146,0.0001791,0.0003036,0.0006408,3.799E-05,0.0001233,0.0002211,0.0003204,9.84E-13,1.742E-13,2.799E-13,1.453E-13,5.254E-13,9.616E-13,1.6E-13,2.693E-13,1.299E-13,5.112E-13,1.005E-12,1.884E-13,2.905E-13,1.596E-13,5.396E-13,-0.5434,-0.797,-0.4472,12.0430156322572,4.316,40.85,0.001281,0.932,12.0800332985166,12.0712969725694,12.0887891068624,0.2912,5.343E-07,0.01284,1.463,12.0631847688024,0.6992,16.66,1.103,-0.5116,-0.574,-0.7814,-0.8126,-0.4291,-0.4641,12.0329671178413,12.0532530649664,4.446,4.193,43.43,38.38,0.00139,0.001183,0.0126,0.01392,12.0788860261633,12.0526643240513,0.7399,0.6603,18.43,14.96,0.296,0.2865,0.6752,0
181,124,320,18,1,NS,NS,1,NS,0.9985825,NS0021,GRS 1741.9-2853     ,17852.2,376.06,845588.8,2005-08-01T20:16:38,0.00867674,1,8,0.054705,0.047905,0.051305,0.003399,0.999,0.9985,0.7075,2,12.124657173452,12.2555328644993,12.235564863158,0.0001150058,6.88244E-05,9.18042E-05,9.886,0.0001945,0.0001386,1.321E-06,0.0001246,0,0.000186,0.0001326,6.12E-07,2.491E-05,0,0.0002029,0.0001446,1.997E-06,0.0002242,1.332E-06,1.445E-12,1.451E-12,3.974E-15,0,6.759E-15,1.384E-12,1.389E-12,1.987E-15,0,1.126E-15,1.506E-12,1.513E-12,5.962E-15,7.153E-13,1.217E-14,0.9806,0.9994,0.1699,11.9108016331949,1.067,792.7,0.0003231,0.997,11.9003193588908,11.8674201523403,11.9931062920521,1.888,547.2,2.852E-05,0.98,11.872247484167,54.32,898,1.007,0.99,0.9713,1,0.9813,0.8114,-0.1843,11.869666231505,12.0312836225332,1.481,0.702,977.7,643.7,0.0006724,0.0001699,1.863E-05,4.425E-05,11.9093892921716,11.8371370066781,0,19.96,973.5,800.6,2.187,1.651,659.7,455.5
194,136,332,1,1,NS,NS,1,NS,0.9983652,NS0024,H 1658-298          ,27036.2,31.12,5716.484,2002-10-15T23:39:59,4.57944E-05,1,7.8,0.00559536,0.00316656,0.00345498,0.000379355086,0.4392,0.3236,0.416,0.2,13.7893604938459,13.8977309869569,13.8397836549855,1.04618E-05,8.3798E-06,9.4212E-06,7.504,2.562E-05,5.2E-07,4.93E-06,4.116E-06,1.192E-05,2.374E-05,2.53E-07,4.297E-06,2.769E-06,1.084E-05,2.751E-05,7.73E-07,5.563E-06,5.463E-06,1.3E-05,3.473E-14,4.944E-15,1.099E-14,2.334E-15,1.931E-14,3.217E-14,2.405E-15,9.575E-15,1.556E-15,1.757E-14,3.729E-14,7.349E-15,1.24E-14,3.111E-15,2.106E-14,-0.8057,-0.9157,-0.4172,13.5594057381602,5.658,59.51,8.097E-05,1.53,13.57856060978,13.5320960534772,13.6679657229725,0.2445,6.113,0.001163,1.191,13.5542401635114,0.4461,26.71,1.348,-0.7139,-0.8863,-0.8738,-0.9525,-0.3529,-0.4791,13.518844129172,13.613679426106,6.356,5.054,73,47.72,0.000122,5.552E-05,0.0006582,0.002164,13.593459819566,13.5220110237491,0.5234,0.3819,34.86,19.58,0.2669,0.2235,13.54,0
195,135,331,0,1,NS,NS,1,NS,0.99998426,NS0024,H 1658-298          ,18848.2,31.12,5716.484,2001-10-15T16:41:39,4.57944E-05,1,7.8,0.0246246,0.00781682,0.01841302,0.00413788,0.8956,0.741,0.7116,4.2,13.1169600788496,13.1665366888873,13.1406995483201,4.93576E-05,4.43242E-05,4.6868E-05,14.366,0.0001378,5.445E-06,2.999E-05,6.305E-06,5.48E-05,0.0001325,4.463E-06,2.816E-05,4.518E-06,5.198E-05,0.000143,6.427E-06,3.182E-05,8.091E-06,5.745E-05,1.792E-13,2.293E-14,7.037E-14,3.695E-15,8.544E-14,1.722E-13,1.877E-14,6.608E-14,2.648E-15,8.105E-14,1.859E-13,2.709E-14,7.465E-14,4.743E-15,8.957E-14,-0.6933,-0.8195,-0.2923,12.7912899800936,5.356,73.32,0.0006093,0.881,12.8110715162391,12.7912899800936,12.8501653032842,0.2755,15.39,0.004633,0.775,12.7966950838615,0.5418,37.26,0.697,-0.6427,-0.7402,-0.7889,-0.8488,-0.258,-0.3279,12.774949303862,12.8088285442714,5.607,5.128,78.63,68.39,0.0007131,0.0005245,0.003463,0.006324,12.9229956732067,12.6907958203296,0.5836,0.4998,40.81,34.12,0.2894,0.2619,18.99,12.03
196,140,336,5,0,NS,X,2,BH,0.6675207,NS0024,H 1658-298          ,27598.1,31.12,5716.484,2008-04-27T19:37:59,4.57944E-05,1,7.8,0.000751666666667,0.000479733333333,0.000571266666667,7.524E-05,0.551333333333333,0.835333333333333,0.440666666666667,0,14.5297365530349,14.7757432610884,14.6355490696174,1.29941E-06,6.5752E-07,8.981E-07,2.02,2.577E-06,0,3.745E-07,0,1.539E-06,1.967E-06,0,1.976E-07,0,1.123E-06,3.188E-06,9.395E-08,5.409E-07,7.182E-07,1.956E-06,3.441E-15,0,8.814E-16,0,2.621E-15,2.619E-15,0,4.958E-16,0,1.913E-15,4.262E-15,0,1.267E-15,0,3.33E-15,-0.9994,-0.9994,-0.6184,0,0,0,0,0,0,0,0,0,0,0,0,0,0,0,0,-0.6052,-1,-0.8838,-1,-0.4403,-0.7614,0,0,0,0,0,0,0,0,0,0,0,0,0,0,0,0,0,0,0,0
197,137,333,2,0,NS,BH,0,BH,0.8048394,NS0024,H 1658-298          ,28590.1,31.12,5716.484,2005-07-08T19:35:36,4.57944E-05,1,7.8,0.0013933,0.000721666666667,0.000806566666667,0.000116983333333,0.38,0.321,0.506666666666667,0.666666666666667,14.5880942252432,14.8789288888999,14.7083071038329,2.17694E-06,1.103028E-06,1.65272E-06,2.964,3.667E-06,1.308E-07,5.758E-07,1.848E-06,2.042E-06,2.925E-06,6.54E-09,3.57E-07,6.556E-07,1.571E-06,4.368E-06,2.551E-07,7.946E-07,2.98E-06,2.487E-06,4.516E-15,8.047E-16,1.076E-15,4.356E-16,2.955E-15,3.592E-15,0,6.668E-16,7.576E-17,2.273E-15,5.44E-15,1.609E-15,1.484E-15,7.765E-16,3.599E-15,-0.6209,-0.8819,-0.5684,0,0,0,0,0,0,0,0,0,0,0,0,0,0,0,0,-0.3054,-0.8763,-0.7651,-0.9763,-0.4141,-0.7064,0,0,0,0,0,0,0,0,0,0,0,0,0,0,0,0,0,0,0,0
198,141,337,6,0,NS,X,2,BH,0.7739271,NS0024,H 1658-298          ,62239.3,31.12,5716.484,2012-07-05T15:38:12,4.57944E-05,1,7.8,0.000339866666667,0.000238766666667,0.000243133333333,1.23796666666667E-05,0.563333333333333,0.536666666666667,0.436666666666667,0,14.9526628168024,15.3131475309299,15.0940854466724,8.5194E-07,2.8425E-07,4.08864E-07,2.286,1.168E-06,9.172E-08,3.802E-07,0,4.044E-07,8.972E-07,1.595E-08,2.574E-07,0,2.507E-07,1.438E-06,1.635E-07,4.972E-07,1.611E-06,5.5E-07,1.858E-15,3.361E-16,8.957E-16,2.896E-16,6.467E-16,1.407E-15,1.601E-17,6.073E-16,0,4.009E-16,2.308E-15,6.402E-16,1.169E-15,5.791E-16,8.795E-16,-0.5909,-0.6234,-0.0362,0,0,0,0,0,0,0,0,0,0,0,0,0,0,0,0,-0.3304,-0.8176,-0.3504,-0.8438,0.2042,-0.263,0,0,0,0,0,0,0,0,0,0,0,0,0,0,0,0,0,0,0,0
199,146,342,3,1,NS,X,2,NS,0.50269455,NS0028,IGR J00291+5934     ,24671.5,18.99,1131.152,2005-11-24T10:02:00,1.0194E-05,0.95075,7.25,0.00299425,0.0023081,0.00251375,0.000194885,0.53375,0.50975,0.3685,0.5,13.7557119910399,13.8769262137625,13.8130944952118,6.6244E-06,4.9398E-06,5.6598E-06,5.634,1.609E-05,3.967E-06,2.958E-06,0,5.284E-06,1.452E-05,3.234E-06,2.44E-06,0,4.505E-06,1.766E-05,4.7E-06,3.475E-06,1.223E-06,6.064E-06,3.809E-14,2.316E-14,7.329E-15,0,8.312E-15,3.437E-14,1.888E-14,6.046E-15,0,7.085E-15,4.181E-14,2.744E-14,8.611E-15,3.532E-16,9.538E-15,0.1549,-0.1374,-0.2848,0,0,0,0,0,0,0,0,0,0,0,0,0,0,0,0,0.2742,0.0306,-0.0231,-0.2505,-0.1805,-0.3866,0,0,0,0,0,0,0,0,0,0,0,0,0,0,0,0,0,0,0,0
200,145,341,2,1,NS,NS,1,NS,0.95119005,NS0028,IGR J00291+5934     ,12863.1,18.99,1131.152,2005-02-06T13:43:16,1.0194E-05,0.95075,7.25,0.008687,0.0043445,0.00620475,0.0015614375,0.83925,0.87525,0.69525,3.75,13.4124573988064,13.5244377620834,13.4648641793874,1.5254E-05,1.20018E-05,1.34982E-05,6.236,3.951E-05,4.041E-06,1.064E-05,0,1.33E-05,3.61E-05,3.03E-06,9.279E-06,0,1.16E-05,4.292E-05,5.051E-06,1.201E-05,1.279E-06,1.501E-05,6.791E-14,2.327E-14,2.499E-14,0,2.098E-14,6.204E-14,1.745E-14,2.179E-14,0,1.829E-14,7.378E-14,2.909E-14,2.82E-14,0,2.367E-14,-0.4485,-0.5347,-0.1124,13.2505729008783,3.771,52.01,8.656E-05,1.189,13.313453100937,13.2594794139463,13.4210171572972,0.358,7.85,0.0003962,1.292,13.3073293008436,0.8758,31.15,1.254,-0.3379,-0.5565,-0.4354,-0.6315,-0.0256,-0.1993,13.2055119533408,13.3085648478559,4.32,3.303,66.36,39.83,0.00013,5.96E-05,0.0002254,0.0007446,13.4650858955701,13.2487208960167,1.126,0.6939,41.22,22.44,0.3995,0.3187,17.11,0
205,150,346,1,1,NS,NS,1,NS,0.85148174,NS0033,KS 1731-260         ,19401.5,14.81,1109.488,2001-03-27T00:29:14,8.827275E-06,1,8,0.00473225,0.003821125,0.004045,0.0002036475,0.51025,0.60375,0.38975,0.75,13.6618488151294,13.7735289846829,13.7140693132819,9.29114E-06,7.2756E-06,8.29144E-06,6.252,2.472E-05,3.621E-06,9.574E-06,4.292E-07,3.113E-06,2.253E-05,2.807E-06,8.558E-06,0,2.483E-06,2.69E-05,4.391E-06,1.059E-05,8.317E-07,3.743E-06,4.769E-14,2.079E-14,2.327E-14,0,4.833E-15,4.346E-14,1.611E-14,2.08E-14,0,3.855E-15,5.193E-14,2.521E-14,2.574E-14,2.324E-16,5.811E-15,-0.4485,0.0812,0.5097,13.4449055514217,5.512,175.3,0.0005635,0.493,13.4996262856466,13.4197594917346,13.711750774428,0.3168,85.66,0.001305,0.683,13.4849213249241,0.5906,121,0.55,-0.3542,-0.5428,0.223,-0.0643,0.5903,0.4254,13.3915809486827,13.5440897596173,6.26,4.887,207.2,149,0.001081,0.0003211,0.0006322,0.003096,13.6916490514133,13.4117282931577,0.7095,0.4872,143.2,103.1,0.3541,0.2804,107.3,68.05
220,212,408,46,1,NS,NS,1,NS,0.91813016,NS0044,XMMU J004245.2+41172,23238.3,49.26,9049.175,2006-12-04T21:35:40,7.351E-06,1,8,0.00526575,0.0034135,0.003853,0.0004777475,0.70675,0.7425,0.43675,1,13.3552463904934,13.5099600101667,13.4255751503389,1.86312E-05,1.05224E-05,1.45812E-05,6.81,3.116E-05,7.429E-06,6.949E-06,1.879E-05,8.578E-06,2.853E-05,6.341E-06,6.039E-06,4.509E-06,7.193E-06,3.38E-05,8.518E-06,7.805E-06,3.307E-05,9.963E-06,8.408E-14,5.159E-14,1.881E-14,1.779E-14,1.54E-14,7.697E-14,4.403E-14,1.635E-14,4.269E-15,1.291E-14,9.118E-14,5.915E-14,2.112E-14,3.131E-14,1.79E-14,0.0362,-0.0762,-0.1112,13.1134528766089,1.798,12.34,1.895E-05,0.723,13.2810833139851,13.2264329510739,13.3787198324496,0.6037,1.775E-06,4.29E-05,3.226,13.1193578735957,7.165,4.131,0.794,0.1305,-0.0593,0.0319,-0.1805,-0.0094,-0.2092,13.0661079642358,13.1605848073161,2.075,1.546,23.36,2.677,2.514E-05,1.438E-05,2.9E-05,6.358E-05,13.2033562962149,13.0767559813697,14.68,4.449,11.91,0,0.6773,0.5375,1.867,0
295,226,422,60,1,NS,NS,1,NS,0.86497617,NS0044,XMMU J004245.2+41172,39869.4,49.26,9049.175,2011-09-06T23:34:18,7.351E-06,1,8,0.00599234,0.0057207,0.00584474,0.0001254166,0.5478,0.6276,0.2918,0.2,13.2905655132986,13.353482568212,13.3207774878297,1.9218E-05,1.59174E-05,1.75826E-05,12.15,4.398E-05,1.165E-05,1.032E-05,9.393E-06,1.257E-05,4.191E-05,1.064E-05,9.536E-06,5.961E-06,1.154E-05,4.606E-05,1.267E-05,1.111E-05,1.264E-05,1.361E-05,1.17E-13,7.069E-14,2.588E-14,3.007E-15,2.231E-14,1.114E-13,6.451E-14,2.39E-14,1.278E-15,2.047E-14,1.225E-13,7.686E-14,2.785E-14,4.737E-15,2.415E-14,0.0625,-0.0375,-0.0999,12.9759250126926,1.974,18.03,3.159E-05,0.867,13.047546603577,13.0216825032532,13.0762380391713,0.627,1.996E-06,5.834E-05,1.581,12.9838026464876,4.41,10.48,0.689,0.1181,0.0056,0.0206,-0.0956,-0.0456,-0.153,12.9542859410591,13.0012177301683,2.107,1.847,23.11,13.38,3.62E-05,2.761E-05,5.581E-05,6.821E-05,13.0147981416354,12.9593976598859,5.448,3.671,14.23,6.983,0.6576,0.5986,0.4855,0
303,338,534,2,1,NS,NS,1,NS,0.996777,NS0049,XTE J1709-267       ,22746,212.84,299603.9,2003-05-12T07:58:23,0.0054668,1,8,0.005707,0.0040065,0.0042575,0.00029475,0.63,0.696,0.32325,0.5,13.4463293200494,13.5553697699579,13.4974363308926,1.84605E-05,1.49055E-05,1.668375E-05,8.115,3.879E-05,3.455E-06,1.045E-05,0,1.404E-05,3.561E-05,2.617E-06,9.255E-06,0,1.214E-05,4.196E-05,4.292E-06,1.165E-05,0,1.594E-05,6.326E-14,2.11E-14,2.219E-14,0,2.069E-14,5.79E-14,1.591E-14,1.965E-14,0,1.789E-14,6.862E-14,2.629E-14,2.473E-14,0,2.349E-14,-0.4997,-0.6084,-0.1537,13.2824127031445,3.759,47.47,7.524E-05,1.472,13.3148855309535,13.2745784499257,13.3631110930162,0.3744,1.562E-05,0.0002723,1.817,13.3121144751513,0.98,22.6,1.588,-0.4004,-0.594,-0.5191,-0.6889,-0.0668,-0.2367,13.2339591396186,13.3382819423053,4.285,3.32,63.2,34.39,0.0001133,5.211E-05,0.0002057,0.000457,13.4392566989453,13.2585332382302,1.249,0.7764,33.12,13.44,0.401,0.3383,7.737,0
329,375,571,4,1,NS,NS,1,NS,0.95344704,NS0062,J1824-2452          ,54456,92,41710.81,2008-08-11T00:07:25,5.69E-05,1,8,0.05420446,0.00203494,0.01627424,0.01162387,0.99,0.9386,0.8938,7.8,12.6880978685805,12.7158513671605,12.7017584215035,5.50925E-05,5.17325E-05,5.3415E-05,28.4725,0.0001212,4.131E-05,2.778E-05,0,2.337E-05,0.0001183,3.969E-05,2.67E-05,0,2.224E-05,0.0001241,4.292E-05,2.885E-05,0,2.45E-05,3.945E-13,2.938E-13,6.896E-14,0,3.762E-14,3.851E-13,2.823E-13,6.629E-14,0,3.581E-14,4.04E-13,3.052E-13,7.164E-14,0,3.944E-14,0.1961,0.2786,0.0874,12.4541982428407,1.63,28.23,8.075E-05,0.764,12.5332806283184,12.5191310763128,12.548367052543,0.7782,4.785E-07,7.986E-05,1.912,12.4580465255418,10.2,22.79,0.794,0.2217,0.1705,0.3054,0.2505,0.1168,0.0581,12.441051554022,12.4667364832213,1.7,1.562,30.95,25.64,8.689E-05,7.511E-05,7.517E-05,8.622E-05,12.4741780478433,12.4449055514217,12.7,8.476,24.8,20.82,0.7981,0.7587,0.2518,0
330,374,570,3,1,NS,NS,1,NS,0.9360731,NS0062,J1824-2452          ,142257.4,92,41710.81,2008-08-07T21:04:33,5.69E-05,1,8,0.06010296,0.001331066,0.02084156,0.01451518,0.999,0.9964,0.9914,9.2,12.6596471164136,12.6754677428607,12.6672384643902,5.8116E-05,5.57386E-05,5.6947E-05,43.616,0.0001559,5.706E-05,3.44E-05,9.085E-06,2.829E-05,0.0001539,5.587E-05,3.365E-05,7.753E-06,2.752E-05,0.0001579,5.817E-05,3.511E-05,1.034E-05,2.906E-05,5.282E-13,4.056E-13,8.578E-14,1.052E-14,4.57E-14,5.212E-13,3.971E-13,8.39E-14,8.957E-15,4.445E-14,5.347E-13,4.135E-13,8.754E-14,1.209E-14,4.694E-14,0.2473,0.336,0.0962,12.326794718221,1.554,28.08,9.918E-05,1.054,12.3956659268971,12.3888079391316,12.4028535121663,0.811,2.031E-07,9.293E-05,2.24,12.3315208970674,12.49,23.57,1.055,0.2605,0.2342,0.3504,0.3217,0.1131,0.0806,12.3201180578871,12.3345128192172,1.592,1.517,29.66,26.53,0.0001033,9.519E-05,9.181E-05,9.406E-05,12.3385659496061,12.3246800166607,14.7,11.08,24.77,22.41,0.8214,0.8078,0.07748,0
337,387,583,3,1,NS,NS,1,NS,0.9167478,NS0068,SAXWFC J1744.9-2921.,97909.1,9.04,140.3164,2005-07-22T02:13:10,5.48475E-06,0.794,4.5,0.005166,0.0051445,0.005153,8.9345E-06,0.749,0.676,0.0405,0,11.8861355093678,12.4428250581819,12.0745171024042,1.252316E-05,5.030022E-06,8.84916E-06,4.036,1.047E-05,6.385E-06,1.808E-07,2.721E-05,0,9.314E-06,5.557E-06,7.911E-08,1.02E-05,0,1.163E-05,7.212E-06,2.825E-07,4.337E-05,1.213E-07,7.958E-14,6.96E-14,4.761E-16,4.062E-12,0,7.084E-14,6.058E-14,1.996E-16,1.672E-12,0,8.832E-14,7.863E-14,7.525E-16,6.331E-12,1.173E-16,0.9457,0.9994,0.9282,14.6447400944726,0.495,725.8,4.356E-06,0.828,13.5568935432627,13.33254704711,14.886390848927,2.62,506.4,4.208E-07,0.823,13.3363932918755,100,1070,0.833,0.9738,0.9126,1,0.9625,1,0.193,13.4776862048433,16.7401673009365,2.554,-1.141,1771,123.8,0.0001785,2.335E-07,2.845E-10,4.23E-06,13.4620550407085,13.2128230075294,0,4.289,1712,788.2,83.13,1.312,1211,136.2
351,425,621,4,1,NS,NS,1,NS,0.9998318,NS0078,1WGA J1911.2+0035   ,9245.2,44.36,37184.84,2001-04-20T12:03:08,0.000294904,1,8,0.0471908,0.0427922,0.0449418,0.00216878,0.7954,0.7448,0.3898,0.8,12.5547555228175,12.6008924414007,12.5767033247744,0.000125836,0.0001142822,0.0001201264,16.466,0.0003559,4.517E-05,8.546E-05,8.002E-06,0.0001061,0.000344,4.082E-05,8.077E-05,5.021E-06,0.0001008,0.0003679,4.927E-05,8.988E-05,1.083E-05,0.0001113,6.562E-13,2.926E-13,2.048E-13,6.755E-15,1.648E-13,6.33E-13,2.655E-13,1.942E-13,3.965E-15,1.567E-13,6.78E-13,3.18E-13,2.153E-13,9.545E-15,1.73E-13,-0.3086,-0.4022,-0.1062,12.2749872746588,3.85,65.89,0.001003,1.431,12.3722246247707,12.3525192268263,12.4171415377755,0.3213,25.77,0.00724,2.477,12.3173135217502,0.8839,42.94,1.926,-0.263,-0.3567,-0.3592,-0.4453,-0.0718,-0.1418,12.2545348313293,12.2931116050184,4.055,3.66,70.52,61.53,0.001154,0.0008767,0.005306,0.01006,12.3503731131595,12.2958494831602,0.9854,0.7915,46.37,39.77,0.3407,0.3026,29.65,22.14
352,432,628,11,1,NS,NS,1,NS,0.9999833,NS0078,1WGA J1911.2+0035   ,6494.5,44.36,37184.84,2002-05-04T23:02:49,0.000294904,1,8,0.0598324,0.0594083,0.05958558,0.00017345,0.3914,0.4788,0.1398,0,12.4248294809957,12.4726372014767,12.4480308669469,0.000171112,0.000154309,0.000162876,15.42,0.0004792,5.116E-05,0.0001338,1.092E-05,0.0001393,0.0004612,4.595E-05,0.000127,6.095E-06,0.0001313,0.0004962,5.637E-05,0.0001407,1.549E-05,0.0001468,8.855E-13,3.503E-13,3.196E-13,6.729E-15,2.2E-13,8.547E-13,3.144E-13,3.033E-13,3.364E-15,2.082E-13,9.164E-13,3.861E-13,3.358E-13,9.925E-15,2.317E-13,-0.4447,-0.4635,-0.0225,12.1508263669012,4.25,74.53,0.001836,1.387,12.2163107636527,12.1956560815201,12.2507275917016,0.3132,28.22,0.0122,2.001,12.1901710389321,0.7177,49.28,1.709,-0.4016,-0.4903,-0.4204,-0.5078,0.0131,-0.0593,12.1337126609158,12.1685141607513,4.469,4.046,80.03,69.4,0.002147,0.001582,0.009345,0.01617,12.2163107636527,12.1714045436283,0.7854,0.6558,53.25,45.59,0.3283,0.2983,32.2,24.55
353,435,631,14,1,NS,NS,1,NS,0.9999708,NS0078,1WGA J1911.2+0035   ,7127.2,44.36,37184.84,2002-08-18T08:05:52,0.000294904,1,8,0.0299468,0.02949086,0.02961068,0.000116418,0.3378,0.3242,0.143,0,12.7609058267274,12.8331378789102,12.7948118817852,8.7972E-05,7.63014E-05,8.224E-05,11.588,0.0002385,2.061E-05,6.501E-05,1.062E-05,7.646E-05,0.0002268,1.729E-05,6.045E-05,5.927E-06,7.104E-05,0.0002496,2.375E-05,6.956E-05,1.506E-05,8.189E-05,3.882E-13,1.165E-13,1.559E-13,2.277E-14,1.186E-13,3.689E-13,9.739E-14,1.449E-13,1.294E-14,1.101E-13,4.064E-13,1.346E-13,1.668E-13,3.209E-14,1.272E-13,-0.5172,-0.5746,-0.0812,12.4644527208233,4.614,81.72,0.001174,0.8,12.5319482085458,12.4989407377823,12.6071272545979,0.2949,32.34,0.008771,1.41,12.5032086843,0.6537,52.56,1.099,-0.4553,-0.579,-0.5166,-0.6302,-0.0319,-0.1293,12.4408118109952,12.4902599844296,4.919,4.339,88.91,75.13,0.00144,0.0009686,0.005911,0.01337,12.5659103615821,12.4744369417299,0.7382,0.5778,57.98,47.66,0.3158,0.275,38.01,27.17
354,433,629,12,1,NS,NS,1,NS,0.9998758,NS0078,1WGA J1911.2+0035   ,6958.1,44.36,37184.84,2002-05-20T07:31:23,0.000294904,1,8,0.067065,0.0661674,0.0664628,0.000310098,0.5906,0.6736,0.1802,0.2,12.3469863421069,12.391221592727,12.3686333555463,0.000193796,0.000176034,0.000185144,17.27,0.0005372,7.814E-05,0.000139,1.778E-05,0.0001536,0.0005187,7.171E-05,0.0001323,1.196E-05,0.0001455,0.0005545,8.419E-05,0.0001454,2.359E-05,0.0001613,1.052E-12,4.812E-13,3.366E-13,2.702E-14,2.428E-13,1.019E-12,4.427E-13,3.201E-13,1.818E-14,2.312E-13,1.086E-12,5.198E-13,3.53E-13,3.587E-14,2.543E-13,-0.2786,-0.3285,-0.0537,12.0479344098149,3.526,60.42,0.001305,1.139,12.1323557660969,12.1144126438103,12.1602706247936,0.377,18.37,0.00524,2.136,12.0851810195525,1.063,39.51,1.544,-0.238,-0.3217,-0.2879,-0.3704,-0.0206,-0.0881,12.0308637664033,12.0659057316445,3.687,3.374,64.49,56.6,0.00147,0.001162,0.00421,0.006601,12.1077383930845,12.0685929864434,1.163,0.9717,42.41,36.77,0.3943,0.3599,21.38,15.56
355,427,623,6,1,NS,NS,1,NS,0.9998746,NS0078,1WGA J1911.2+0035   ,6485.7,44.36,37184.84,2002-06-11T03:49:15,0.000294904,1,8,0.1242988,0.1239664,0.1240418,8.52902E-05,0.5034,0.5726,0.093,0,12.0457159932928,12.0782948008465,12.0614202382616,0.000372225,0.000347225,0.0003598625,21.8775,0.001001,0.0001624,0,2.105E-05,0.000255,0.0009764,0.0001535,0,1.44E-05,0.0002446,0.001025,0.0001714,0,2.77E-05,0.0002648,2.149E-12,1.09E-12,6.72E-13,2.87E-14,4.009E-13,2.098E-12,1.025E-12,6.482E-13,1.948E-14,3.845E-13,2.201E-12,1.151E-12,6.942E-13,3.793E-14,4.163E-13,0,-0.2211,0,11.7444862871805,3.338,62.64,0.002388,1.087,11.8347556738747,11.8213107602244,11.8535618647142,0.3982,20.27,0.008192,2.279,11.7762445463428,1.24,41.29,1.548,0,0,-0.1893,-0.253,0,0,11.7307206102281,11.7572101905213,3.456,3.226,65.98,59.46,0.002622,0.002179,0.006914,0.009757,11.7907531512466,11.7629592086208,1.331,1.151,43.71,39.09,0.4125,0.3842,22.75,17.93
356,422,618,1,1,NS,NS,1,NS,0.99848914,NS0078,1WGA J1911.2+0035   ,9873.4,44.36,37184.84,2007-08-05T09:14:07,0.000294904,1,8,0.0461725,0.0437275,0.04495,0.001220675,0.63825,0.8465,0.26975,0,12.4017568083464,12.4518563625652,12.4275233905343,0.000149938,0.0001245392,0.000137472,14.574,0.0003784,6.816E-05,9.954E-05,3.336E-05,0.0001079,0.0003639,6.294E-05,9.42E-05,1.756E-06,9.99E-05,0.0003929,7.338E-05,0.0001049,6.321E-05,0.0001153,9.302E-13,5.154E-13,2.563E-13,0,1.664E-13,8.947E-13,4.757E-13,2.418E-13,0,1.543E-13,9.658E-13,5.551E-13,2.7E-13,1.3E-14,1.786E-13,-0.1886,-0.2274,-0.04,12.1301231867332,3.038,52.61,0.0007233,1.122,12.2045371056096,12.1842230797016,12.232324775972,0.4657,6.701,0.001494,2.213,12.1553364717598,1.59,31.51,1.498,-0.143,-0.2317,-0.178,-0.2755,0.0044,-0.0843,12.110250224736,12.1507649086853,3.205,2.88,58.58,47.01,0.0008395,0.0006261,0.001184,0.001903,12.1779627519274,12.135845043998,1.789,1.419,35.84,27.42,0.4899,0.442,11.12,2.627
357,430,626,9,1,NS,NS,1,NS,0.9999826,NS0078,1WGA J1911.2+0035   ,6357,44.36,37184.84,2010-10-30T03:51:58,0.000294904,1,8,0.051897,0.05140746,0.05165524,0.0002414042,0.403,0.4396,0.2404,1.2,12.3716519466481,12.4716490217872,12.4186420855883,0.0001619,0.000142356,0.00015228,14.912,0.0004214,5.865E-05,0.0001192,2.845E-05,0.0001337,0.0004052,5.3E-05,0.0001125,1.538E-05,0.0001257,0.0004366,6.398E-05,0.0001258,4.152E-05,0.0001416,8.098E-13,3.214E-13,2.832E-13,2.831E-13,2.094E-13,7.788E-13,2.916E-13,2.677E-13,1.53E-13,1.967E-13,8.408E-13,3.512E-13,2.976E-13,4.132E-13,2.22E-13,-0.3398,-0.3873,-0.055,12.1648804095755,3.905,66.98,0.001345,1.153,12.2439727870266,12.2213423680526,12.2898826348882,0.3474,20.64,0.006212,2.109,12.1965428843516,0.934,40.75,1.569,-0.2929,-0.3866,-0.3404,-0.4329,-0.0156,-0.0943,12.1447231961699,12.183957659078,4.116,3.713,72.56,61.84,0.00157,0.001161,0.004564,0.008669,12.2322506326544,12.1752885565353,1.045,0.8346,44.9,36.88,0.3688,0.3267,25.19,16.46
358,431,627,10,1,NS,NS,1,NS,0.99996996,NS0078,1WGA J1911.2+0035   ,6358,44.36,37184.84,2010-11-12T17:34:07,0.000294904,1,8,0.05686764,0.05448522,0.05566618,0.001175632,0.704,0.8186,0.3238,0.4,12.3611913794998,12.4441078600554,12.3997896935907,0.000169518,0.000150187,0.000159892,15.264,0.0004494,6.058E-05,0.0001357,1.938E-05,0.0001344,0.0004325,5.493E-05,0.0001288,8.305E-06,0.0001264,0.0004663,6.624E-05,0.0001421,3.045E-05,0.0001425,8.985E-13,3.68E-13,3.248E-13,1.91E-13,2.092E-13,8.653E-13,3.325E-13,3.083E-13,9.55E-14,1.967E-13,9.316E-13,4.014E-13,3.402E-13,2.817E-13,2.217E-13,-0.3823,-0.3798,0.0025,12.1147518922186,3.679,64.5,0.001297,1.129,12.2072582141653,12.1836261112476,12.2504182651344,0.3555,21.2,0.006137,2.185,12.1467277759793,1.026,40.28,1.587,-0.3379,-0.4266,-0.3329,-0.4254,0.0406,-0.0344,12.096204857259,12.1322379753498,3.878,3.496,69.94,59.44,0.00151,0.001121,0.004521,0.008482,12.1772436670486,12.126563136778,1.149,0.9172,44.32,36.52,0.3771,0.3348,25.78,16.95
359,423,619,2,1,NS,NS,1,NS,0.9999937,NS0078,1WGA J1911.2+0035   ,5939.8,44.36,37184.84,2002-07-05T15:44:13,0.000294904,1,8,0.0359506,0.035761,0.0358238,6.337E-05,0.2814,0.1886,0.1354,0,12.6948813199225,12.7591468519326,12.7258033431761,0.000105884,9.19822E-05,9.9112E-05,11.652,0.0002877,2.267E-05,7.614E-05,1.238E-05,9.667E-05,0.0002735,1.9E-05,7.063E-05,6.911E-06,8.987E-05,0.0003011,2.633E-05,8.132E-05,1.757E-05,0.0001031,4.661E-13,1.347E-13,1.812E-13,5.484E-15,1.526E-13,4.442E-13,1.127E-13,1.686E-13,2.809E-15,1.423E-13,4.88E-13,1.567E-13,1.937E-13,8.159E-15,1.629E-13,-0.5359,-0.6171,-0.1199,12.3878521616735,4.381,67.02,0.001015,0.884,12.4443011052811,12.4171415377755,12.4996262856466,0.3105,19.43,0.006647,1.268,12.417709317281,0.7198,39.67,1.023,-0.4741,-0.5965,-0.5628,-0.669,-0.0718,-0.1655,12.3657243053741,12.4109444689477,4.657,4.132,73.65,60.97,0.001229,0.000847,0.004665,0.009669,12.4613006204576,12.3917949922957,0.8085,0.6393,44.48,35.32,0.331,0.291,24.39,14.9
360,428,624,7,1,NS,NS,1,NS,1,NS0078,1WGA J1911.2+0035   ,6358.7,44.36,37184.84,2010-10-19T23:33:21,0.000294904,1,8,0.2039084,0.2034896,0.203719,0.000212416,0.529,0.397,0.1556,0.2,12.0139003749449,12.1088715700815,12.0576281192803,0.0003284,0.00029453,0.000311806666667,23.0866666666667,0,0,0.0004677,9.962E-05,0.0003681,0,0,0.0004547,7.369E-05,0.0003552,0,0,0.0004807,0.0001242,0.0003803,0,0,1.145E-12,9.106E-13,5.716E-13,0,0,1.113E-12,6.703E-13,5.515E-13,0,0,1.177E-12,1.138E-12,5.905E-13,0,0,0,11.4414114168918,2.752,57.47,0.00295,1.093,11.5172692999201,11.5061238891472,11.5284149458148,0.5291,12.81,0.004415,2.628,11.4594202834955,2.026,39.24,1.448,0,0,0,0,0,0,11.430626090385,11.4516105818671,2.825,2.681,60.07,54.97,0.003155,0.002762,0.003966,0.004928,11.4723700991287,11.4492825765307,2.151,1.908,41.05,37.54,0.5428,0.5153,14.56,11.14
361,424,620,3,1,NS,NS,1,NS,0.99997544,NS0078,1WGA J1911.2+0035   ,7389.8,44.36,37184.84,2001-03-23T20:23:11,0.000294904,1,8,0.0468426,0.0463727,0.04655848,0.000190426,0.5396,0.4868,0.1696,0,12.5772034024765,12.62793201041,12.6015901652048,0.000130168,0.0001173136,0.0001237764,14.984,0.0003701,3.612E-05,0.0001,7.562E-06,0.0001051,0.0003563,3.188E-05,9.471E-05,4.438E-06,9.924E-05,0.0003839,4.012E-05,0.0001054,1.052E-05,0.0001109,6.187E-13,2.214E-13,2.391E-13,7.853E-15,1.643E-13,5.947E-13,1.968E-13,2.264E-13,4.609E-15,1.552E-13,6.413E-13,2.461E-13,2.519E-13,1.093E-14,1.734E-13,-0.4697,-0.4897,-0.025,12.2877713303805,4.264,72.66,0.001317,1.333,12.3433269541152,12.3230321857052,12.3794475552706,0.3181,25.22,0.008043,1.7,12.3247717464069,0.71,47.61,1.534,-0.4229,-0.5191,-0.4428,-0.5378,0.0119,-0.0631,12.2687336509245,12.3087416418669,4.498,4.047,78.5,67.19,0.001555,0.001123,0.006187,0.01061,12.3556599011737,12.3050439977502,0.7786,0.649,51.72,43.72,0.3333,0.3033,29.2,21.55
362,421,617,0,1,NS,NS,1,NS,0.99996686,NS0078,1WGA J1911.2+0035   ,6504.6,44.36,37184.84,2002-07-22T20:59:27,0.000294904,1,8,0.03451134,0.03215702,0.0326984,0.000619918,0.3302,0.381,0.3262,0.8,12.7060066847123,12.7719217649339,12.7371693651443,9.5723E-05,8.34604E-05,8.96322E-05,11.606,0.0002629,2.385E-05,7.309E-05,6.271E-06,8.205E-05,0.0002506,2.032E-05,6.772E-05,2.352E-06,7.631E-05,0.0002753,2.738E-05,7.814E-05,9.995E-06,8.78E-05,4.539E-13,1.585E-13,1.741E-13,1.6E-15,1.277E-13,4.314E-13,1.341E-13,1.613E-13,7.274E-17,1.185E-13,4.751E-13,1.828E-13,1.861E-13,3.128E-15,1.368E-13,-0.5059,-0.5472,-0.0562,12.4270122918018,4.445,74.1,0.001063,1.188,12.492548939098,12.4615519482898,12.5595632338942,0.3011,26.76,0.007905,1.62,12.4681380509042,0.6588,48.01,1.426,-0.4466,-0.5665,-0.4903,-0.604,-0.0081,-0.1056,12.4027437170749,12.4561801948573,4.757,4.16,81.76,67.09,0.001322,0.0008656,0.005484,0.01168,12.5195618528222,12.4404524444196,0.7413,0.5858,53.59,42.97,0.3205,0.2822,32.3,21.72
363,436,632,15,1,NS,NS,1,NS,0.9999484,NS0078,1WGA J1911.2+0035   ,6936.3,44.36,37184.84,2002-09-03T16:17:37,0.000294904,1,8,0.0482925,0.04782,0.048055,0.0002309925,0.46075,0.4195,0.09225,0,12.6283839791214,12.6835264163849,12.6549008538671,0.000110741,9.848606E-05,0.0001047266,13.312,0.0003088,3.329E-05,8.596E-05,3.683E-06,9.19E-05,0.0002961,2.933E-05,8.058E-05,4.803E-07,8.594E-05,0.0003215,3.701E-05,9.101E-05,6.725E-06,9.746E-05,5.551E-13,2.05E-13,2.031E-13,0,1.436E-13,5.315E-13,1.802E-13,1.901E-13,0,1.344E-13,5.772E-13,2.298E-13,2.153E-13,1.884E-15,1.523E-13,-0.4435,-0.4697,-0.0337,12.3397987986193,4.193,70.7,0.001101,1.236,12.4126258279269,12.3871102307125,12.462684726888,0.3166,24.62,0.00708,1.852,12.3764406099946,0.7573,44.84,1.547,-0.3916,-0.4953,-0.4191,-0.5215,0.0094,-0.0768,12.3193019703024,12.3633115520467,4.459,3.952,77.3,64.65,0.001331,0.000922,0.005057,0.01016,12.4135252214286,12.3527148549746,0.8517,0.6728,49.7,40.45,0.3364,0.2974,29.6,20.09
364,429,625,8,1,NS,NS,1,NS,0.99998295,NS0078,1WGA J1911.2+0035   ,6358.4,44.36,37184.84,2010-10-22T10:23:36,0.000294904,1,8,0.091167,0.0908048,0.0909499,0.000150412,0.588,0.6838,0.135,0,12.3348413147078,12.4087099524384,12.3692925171516,0.00015222,0.0001320275,0.00014236,15.715,0,0.0001112,0.0002214,3.484E-05,0.000202,0,0.0001036,0.0002124,2.021E-05,0.0001919,0,0.0001183,0.0002304,4.878E-05,0.0002114,0,7.186E-13,5.366E-13,1.423E-13,3.116E-13,0,6.681E-13,5.149E-13,8.221E-14,2.956E-13,0,7.663E-13,5.582E-13,1.992E-13,3.265E-13,-0.331,-0.2898,0.045,11.8877302315827,3.716,72.45,0.002433,0.965,11.9637704559137,11.949233688767,11.9875846252376,0.3687,26.2,0.009407,1.935,11.9197343726602,0.998,48.06,1.389,-0.2979,-0.3641,-0.253,-0.3254,0.0756,0.0156,11.8728952016352,11.9017024635053,3.865,3.577,76.77,68.37,0.002733,0.002174,0.007659,0.01167,11.9377941911803,11.9051796196452,1.081,0.923,51.21,45.06,0.3838,0.3539,29.48,23.12
365,434,630,13,1,NS,NS,1,NS,0.999997,NS0078,1WGA J1911.2+0035   ,6627.6,44.36,37184.84,2000-11-28T11:15:49,0.000294904,1,8,0.0670386,0.0667204,0.0667998,9.2116E-05,0.1416,0.2708,0.1158,0,12.4552921530094,12.500013687142,12.4768562422415,0.000183432,0.0001676832,0.000175698,17.24,0.0005291,4.383E-05,0.0001457,1.226E-05,0.0001476,0.0005116,3.9E-05,0.0001392,8.316E-06,0.0001403,0.0005454,4.837E-05,0.0001522,1.619E-05,0.000155,8.294E-13,2.492E-13,3.499E-13,8.084E-15,2.311E-13,8.01E-13,2.214E-13,3.338E-13,5.389E-15,2.195E-13,8.562E-13,2.769E-13,3.661E-13,1.078E-14,2.426E-13,-0.5359,-0.5409,-0.0075,12.1276688787698,4.427,77.15,0.002173,0.858,12.1612768099686,12.1450263262736,12.1855526214775,0.3311,23.9,0.009756,0.996,12.1465451586319,0.7269,48.12,0.858,-0.4953,-0.5765,-0.5003,-0.5815,0.0256,-0.0394,12.112945621949,12.145208305946,4.608,4.257,81.93,72.65,0.002482,0.001912,0.007886,0.01223,12.1665341398293,12.1311205537629,0.7791,0.6776,51.43,45,0.3442,0.318,27.17,20.85
366,426,622,5,1,NS,NS,1,NS,0.9999708,NS0078,1WGA J1911.2+0035   ,7787.8,44.36,37184.84,2001-02-19T11:35:24,0.000294904,1,8,0.0433325,0.04160475,0.04216725,0.00046089885,0.48175,0.60225,0.1275,0,12.7497361765949,12.8074944338551,12.7773693560027,9.7572E-05,8.627E-05,9.207E-05,13.244,0.0002711,2.245E-05,6.858E-05,1.41E-05,8.412E-05,0.0002591,1.914E-05,6.422E-05,1.017E-05,7.872E-05,0.0002824,2.558E-05,7.264E-05,1.803E-05,8.921E-05,4.117E-13,1.182E-13,1.642E-13,8.535E-15,1.322E-13,3.943E-13,1.011E-13,1.538E-13,5.989E-15,1.237E-13,4.292E-13,1.352E-13,1.74E-13,1.108E-14,1.402E-13,-0.5059,-0.5809,-0.1049,12.4251588049366,4.28,68.72,0.0009126,0.759,12.4745664465712,12.4508740732419,12.5210008683266,0.3305,19.02,0.004517,1.117,12.4519793050945,0.7679,41.32,0.877,-0.4491,-0.5628,-0.529,-0.6315,-0.0631,-0.1468,12.4050552633049,12.4478186611607,4.524,4.058,74.65,63.23,0.001083,0.0007751,0.003326,0.006253,12.4863829262121,12.4280583649255,0.8498,0.6925,45.48,37.5,0.3499,0.3113,23.33,15.09
367,441,637,0,1,NS,NS,1,NS,0.9999093,NS0083,E2259+587           ,24783,114.17,1.797693E+308,2006-05-09T09:40:29,0,0,0,0.0872722,0.08661552,0.08687406,0.0002735524,0.5582,0.567,0.217,0.4,12.2162507369694,12.2363989221664,12.2262123852036,0.00020519,0.0001955374,0.000200349,33.148,0.0005772,0.0001669,0.0001845,7.525E-06,6.562E-05,0.0005678,0.0001622,0.0001804,4.547E-06,6.274E-05,0.0005867,0.0001717,0.0001887,1.035E-05,6.85E-05,1.476E-12,9.379E-13,4.515E-13,7.148E-15,9.746E-14,1.452E-12,9.112E-13,4.414E-13,3.386E-15,9.317E-14,1.5E-12,9.647E-13,4.617E-13,1.072E-14,1.018E-13,-0.05,0.436,0.476,11.870954940112,3.381,120.2,0.002798,1.176,11.9083330424043,11.9003193588908,11.9161391991334,0.5171,47.28,0.002547,1.722,11.8830603534492,1.467,86.05,1.212,-0.0331,-0.0681,0.4566,0.4154,0.4941,0.4578,11.8629625452105,11.8784401558125,3.453,3.311,124.5,116.1,0.003026,0.002592,0.002338,0.002779,11.8914349762672,11.8751698505861,1.525,1.411,88.92,83.26,0.5262,0.5079,49.74,44.93
2,0,0,0,1,BH,BH,1,BH,0.99586135,BH0003,GINGA 1354-645      ,39516.5,20.86,2946.576,2010-09-30T23:42:24,1.47006E-06,0.4926,2.6,0.0041335,0.00293265,0.0034093,0.0003798625,0.8,0.74175,0.50475,1.75,13.5324007727589,13.6150734016078,13.5743712361898,8.4064E-06,6.6103E-06,7.5142E-06,8.114,2.043E-05,7.411E-06,6.003E-06,1.654E-06,2.073E-06,1.905E-05,6.609E-06,5.394E-06,3.445E-07,1.654E-06,2.181E-05,8.214E-06,6.576E-06,2.963E-06,2.469E-06,6.59E-14,4.897E-14,1.515E-14,0,3.209E-15,6.146E-14,4.367E-14,1.362E-14,0,2.56E-15,7.035E-14,5.428E-14,1.66E-14,1.696E-15,3.821E-15,0.1062,0.5609,0.4822,13.2617745518575,2.348,86.94,3.707E-05,1.288,13.3500812812646,13.3001622741328,13.4568014143624,0.7053,23.21,2.223E-05,2.494,13.2812492652603,3.559,64.63,1.498,0.1755,0.0344,0.634,0.4841,0.5628,0.3991,13.2215593164288,13.3115801779973,2.65,2.074,104.4,71.84,5.159E-05,2.71E-05,1.426E-05,3.601E-05,13.3727365834318,13.2368716232009,5.139,2.614,76.58,54.17,0.7901,0.627,35.2,13.05
8,3,17,1,1,NS,NS,1,NS,1,NS0016,CEN X-4             ,10141.5,49.44,16287.03,2004-06-20T23:50:02,0.0001423326,1,8,0.0513644,0.02237,0.0328176,0.01066324,0.8452,0.9446,0.7804,5.4,12.6898464400339,12.7455050951977,12.7166083027029,0.000124652,0.00010969,0.00011731,14.972,0.0002493,1.789E-05,2.516E-05,0.000156,0.0001382,0.0002395,1.542E-05,2.283E-05,0.000139,0.0001317,0.000259,2.036E-05,2.75E-05,0.0001721,0.0001443,4.297E-13,1.264E-13,5.94E-14,9.85E-14,2.462E-13,4.131E-13,1.086E-13,5.386E-14,8.823E-14,2.346E-13,4.464E-13,1.441E-13,6.493E-14,1.088E-13,2.57E-13,-0.1649,-0.7695,-0.6921,12.4692881620183,3.381,5.831,0.0001467,1.665,12.5663901566763,12.5494429905817,12.5848596478041,0.1938,1.516E-06,0.02702,2.783,12.6609462642909,2.941,3.142E-07,9.074,-0.0868,-0.2455,-0.7414,-0.7989,-0.6652,-0.7177,12.4502612687351,12.4905286478975,3.755,3.054,11.45,0.774,0.0001778,0.0001224,0.02531,0.03167,12.6957249495229,12.6317131150979,4.481,2.648,97.61,0,0.2,0.1878,0.6267,0
9,2,16,0,1,NS,NS,1,NS,1,NS0016,CEN X-4             ,9561.4,49.44,16287.03,2000-06-23T01:31:57,0.0001423326,1,8,0.09243,0.091976,0.092224,0.000199264,0.7826,0.6738,0.0876,0,12.3740294023211,12.4092027333832,12.3909180830934,0.000279714,0.00026108,0.000270532,24.384,0.0006695,3.827E-05,5.759E-05,0.0002551,0.0003322,0.0006526,3.442E-05,5.398E-05,0.0002414,0.000323,0.0006854,4.188E-05,6.119E-05,0.0002688,0.0003413,9.265E-13,2.742E-13,1.314E-13,1.787E-13,5.218E-13,9.028E-13,2.463E-13,1.232E-13,1.691E-13,5.074E-13,9.487E-13,3.005E-13,1.396E-13,1.883E-13,5.361E-13,-0.2011,-0.7933,-0.7046,12.1456939581989,3.787,14.43,0.0004281,2.217,12.2122562283535,12.2024554856383,12.2223557223035,0.2009,1.052E-06,0.05085,2.73,12.2931969029627,2.539,5.043E-06,11.865,-0.1468,-0.2555,-0.7751,-0.8114,-0.6877,-0.7214,12.1332992439575,12.158765704494,4.041,3.551,18.29,10.79,0.0004875,0.0003777,0.0458,0.05461,12.3103360349842,12.2753146117626,2.655,2.355,101.6,0,0.2019,0.2,0.3492,0
11,8,22,3,1,NS,NS,1,NS,0.98018163,NS0055,J1748-2021#1        ,49114.6,28.02,1.797693E+308,2009-07-28T15:16:17,0.000507937325,0.859,6,0.003532918,0.003272558,0.00339477,0.00010513096,0.80675,0.684,0.2964,0.4,13.5946280235242,13.7023981392856,13.6444670692623,8.62425E-06,7.1415E-06,7.89275E-06,10.12,1.605E-05,3.814E-06,6.821E-06,0,4.886E-06,1.472E-05,3.22E-06,6.279E-06,0,4.347E-06,1.73E-05,4.408E-06,7.363E-06,0,5.426E-06,3.327E-14,3.37E-14,1.628E-14,0,7.447E-15,2.918E-14,2.857E-14,1.499E-14,0,6.631E-15,3.711E-14,3.882E-14,1.758E-14,0,8.216E-15,-0.2786,-0.1187,0.1649,13.6679657229725,6.082,132.3,0.0002867,1.05,13.7375489102696,13.6579723119125,13.9366666410483,0.2551,60.76,0.002116,1.021,13.6819366650372,0.448,87.31,1.003,-0.2005,-0.3579,-0.0294,-0.2117,0.2292,0.1018,13.6197887582884,13.7430418474391,6.888,5.404,153.1,114.6,0.000484,0.0001809,0.0009777,0.005191,13.7726275577104,13.6348865683724,0.5385,0.3721,102,74.91,0.2864,0.2257,75.67,48.25
13,5,19,0,1,NS,NS,1,NS,0.9999491,NS0055,J1748-2021#1        ,23277.7,28.02,1.797693E+308,2000-07-04T13:50:57,0.000507937325,0.859,6,0.00523925,0.00519525,0.0052165,1.9981E-05,0.2415,0.218,0.095,0,13.5912402104109,13.6873741888714,13.6374421334455,1.099402E-05,9.0154E-06,9.9584E-06,7.384,3.009E-05,4.378E-06,9.434E-06,0,5.89E-06,2.787E-05,3.569E-06,8.512E-06,0,5.126E-06,3.23E-05,5.187E-06,1.036E-05,4.681E-07,6.655E-06,5.713E-14,2.674E-14,2.223E-14,0,9.12E-15,5.291E-14,2.18E-14,2.006E-14,0,7.936E-15,6.136E-14,3.168E-14,2.441E-14,4.033E-16,1.03E-14,-0.3623,-0.1412,0.2336,13.3390397082239,3.893,87.71,0.0001163,1.093,13.4347426565798,13.3805935891132,13.5717031860171,0.3666,36.17,0.0004038,1.785,13.3882766919927,0.9475,59.9,1.401,-0.2742,-0.4503,-0.0331,-0.248,0.3079,0.1568,13.2981730696029,13.3837345947183,4.331,3.517,100.9,76.21,0.0001638,8.492E-05,0.0002302,0.000764,13.5207126835238,13.3363932918755,1.172,0.7656,69.83,51.35,0.4086,0.3268,46.59,27.27
